"id","owner_name","url","created_at","reference_id"
1,airgradient,https://airgradient.com,2025-03-28 18:05:17.109,
588560,Spinks.Media,,2025-06-16 14:27:58.872,
588571,Laurent,,2025-06-16 14:27:58.872,
588576,EM,,2025-06-16 14:27:58.872,
1371716,,,2025-09-02 07:36:01.779,ag_8863
588586,Josa Wode,,2025-06-16 14:27:58.872,
1371607,,,2025-09-02 07:36:01.779,ag_6529
1371481,,,2025-09-02 07:36:01.779,ag_1929
588599,jicka,,2025-06-16 14:27:58.872,
588600,Altair Sheikh,,2025-06-16 14:27:58.872,
1371452,,,2025-09-02 07:36:01.779,ag_8465
588923,OakAir,,2025-06-16 14:27:58.872,ag_6354
1371663,,,2025-09-02 07:36:01.779,ag_11264
1371060,,,2025-09-02 07:36:01.779,ag_1878
588547,Igelkotten,,2025-06-16 14:27:58.872,ag_13400
588623,Hannah,,2025-06-16 14:27:58.872,
1371727,,,2025-09-02 07:36:01.779,ag_12229
1371632,,,2025-09-02 07:36:01.779,ag_3022
1378470,,,2025-09-07 00:00:01.687,ag_10648
1371559,,,2025-09-02 07:36:01.779,ag_4645
588570,,,2025-06-16 14:27:58.872,
2,Unknown Governmental Organization,,2025-03-29 00:00:05.339,oaq_4
1400432,Design Nature,,2025-09-21 00:00:01.675,ag_3150
588654,Overkill,,2025-06-16 14:27:58.872,
588658,Perves,,2025-06-16 14:27:58.872,
1373327,Mondelez India Foods,,2025-09-03 00:00:32.634,oaq_8544
1371293,,,2025-09-02 07:36:01.779,ag_11559
588660,Hehe,,2025-06-16 14:27:58.872,
588668,Athirne,,2025-06-16 14:27:58.872,
1371467,,,2025-09-02 07:36:01.779,ag_2235
588708,Bruno S.,,2025-06-16 14:27:58.872,
1370726,,,2025-09-02 07:36:01.779,ag_10839
588716,anonymous,,2025-06-16 14:27:58.872,
1371635,,,2025-09-02 07:36:01.779,ag_2919
1370930,,,2025-09-02 07:36:01.779,ag_2657
1370570,,,2025-09-02 07:36:01.779,ag_12478
1371555,,,2025-09-02 07:36:01.779,ag_2144
1370911,,,2025-09-02 07:36:01.779,ag_16206
1371496,,,2025-09-02 07:36:01.779,ag_6565
1371707,,,2025-09-02 07:36:01.779,ag_15281
588723,Graham,,2025-06-16 14:27:58.872,ag_16230
1335052,HacksawDoggo,,2025-08-31 00:00:01.826,ag_12522
1370897,AK,,2025-09-02 07:36:01.779,ag_7857
1370477,,,2025-09-02 07:36:01.779,ag_2020
1377516,Luke,,2025-09-06 00:00:01.653,ag_17521
588842,Samenmeten,,2025-06-16 14:27:58.872,ag_7468
1400682,,,2025-09-21 00:00:01.675,ag_2482
1402305,Ben,,2025-09-22 00:00:01.724,ag_17909
1370806,,,2025-09-02 07:36:01.779,ag_6130
913724,Thomas Versteeg,,2025-07-29 09:10:01.905,ag_589
1370473,Paul,,2025-09-02 07:36:01.779,ag_13328
1371089,Christian,,2025-09-02 07:36:01.779,ag_7803
588524,Singlepane,,2025-06-16 14:27:58.872,ag_15299
588794,Fredrik Sætereng Fyksen,,2025-06-16 14:27:58.872,ag_5999
1370879,,,2025-09-02 07:36:01.779,ag_10663
1373329,Central Pollution Control Board,,2025-09-03 00:00:32.634,oaq_8517
1373345,Haryana State Pollution Control Board,,2025-09-03 00:00:32.634,oaq_8529
1395518,OpenAQ admin,,2025-09-17 00:00:37.526,oaq_1
1373328,Bihar State Pollution Control Board,,2025-09-03 00:00:32.634,oaq_8531
1373344,Punjab Pollution Control Board,,2025-09-03 00:00:32.634,oaq_8526
1373334,Surat Municipal Corporation,,2025-09-03 00:00:32.634,oaq_8555
1373323,Puducherry Pollution Control Committee,,2025-09-03 00:00:32.634,oaq_8547
1373307,Telangana State Pollution Control Board,,2025-09-03 00:00:32.634,oaq_8533
1373313,Odisha State Pollution Control Board,,2025-09-03 00:00:32.634,oaq_8522
1395521,Andhra Pradesh Pollution Control Board,,2025-09-17 00:00:37.526,oaq_8520
588724,Ashimet,,2025-06-16 14:27:58.872,
589026,octal,,2025-06-16 14:27:58.872,ag_10365
588739,Nikhil Ramkarran,,2025-06-16 14:27:58.872,ag_8690
588733,Pb,,2025-06-16 14:27:58.872,
1370828,Brett,,2025-09-02 07:36:01.779,ag_17105
1371678,Golian,,2025-09-02 07:36:01.779,ag_16611
588537,Central Philippine University ,https://cpu.edu.ph/,2025-06-16 14:27:58.872,ag_6378
1388707,Dennis,,2025-09-13 00:00:00.371,ag_13058
1371528,JW,,2025-09-02 07:36:01.779,ag_14841
588593,JC,,2025-06-16 14:27:58.872,ag_13518
1371595,Storor,,2025-09-02 07:36:01.779,ag_16037
589050,Aroha Kaikorai Valley,https://akv.nz,2025-06-16 14:27:58.872,ag_7723
588917,Simon,,2025-06-16 14:27:58.872,ag_11757
588752,Ffigie,,2025-06-16 14:27:58.872,
588805,Broberg,,2025-06-16 14:27:58.872,ag_10750
588755,campus,,2025-06-16 14:27:58.872,ag_5271
588758,Marcos Moreira,,2025-06-16 14:27:58.872,
588759,Jeffers,,2025-06-16 14:27:58.872,
588761,Tieri,,2025-06-16 14:27:58.872,
1383986,Fopz,,2025-09-10 00:00:12.932,ag_17603
588768,Junicast,,2025-06-16 14:27:58.872,
588769,Sleatnet,,2025-06-16 14:27:58.872,
588772,Dennis,,2025-06-16 14:27:58.872,
588750,Hero Kongkob Job,,2025-06-16 14:27:58.872,ag_13638
588991,ScubaFlump,,2025-06-16 14:27:58.872,ag_6795
914336,Palm Estate,,2025-07-29 09:10:01.905,ag_15401
588664,dro,,2025-06-16 14:27:58.872,ag_13618
588779,Gen Na Di,,2025-06-16 14:27:58.872,
588743,Growing Place,,2025-06-16 14:27:58.872,ag_13294
588826,Johannes ,,2025-06-16 14:27:58.872,ag_9738
913225,Zeynep Cetin,,2025-07-29 09:10:01.905,ag_10
588785,Vasthi,,2025-06-16 14:27:58.872,
1370776,mellofone,,2025-09-02 07:36:01.779,ag_15200
588790,Mark Janda,,2025-06-16 14:27:58.872,
588793,Matthew Haugen,,2025-06-16 14:27:58.872,
588800,Tim,,2025-06-16 14:27:58.872,
1370585,Preechai,,2025-09-02 07:36:01.779,ag_13243
588811,John H,,2025-06-16 14:27:58.872,
588975,Twoº & Rising,https://www.twoandrising.com,2025-06-16 14:27:58.872,ag_13137
589049,Noodle,,2025-06-16 14:27:58.872,ag_13382
588815,Kathryn Miller,,2025-06-16 14:27:58.872,
588594,antbar,,2025-06-16 14:27:58.872,ag_5256
1371018,David,,2025-09-02 07:36:01.779,ag_8566
588614,Pierre,,2025-06-16 14:27:58.872,ag_9099
1371133,Julia Tuttle,,2025-09-02 07:36:01.779,ag_16063
1370829,,,2025-09-02 07:36:01.779,ag_11413
588830,SnowDiamond,,2025-06-16 14:27:58.872,
588787,Simon Westenholz,,2025-06-16 14:27:58.872,ag_4819
1371086,,,2025-09-02 07:36:01.779,ag_10629
1370769,Eric,,2025-09-02 07:36:01.779,ag_10847
1379093,teebee,,2025-09-07 00:00:01.687,ag_17539
588792,Bruce Pugh,,2025-06-16 14:27:58.872,ag_9525
588850,Sam,,2025-06-16 14:27:58.872,
1323087,"450nm",,2025-08-30 00:00:06.733,ag_17320
588853,Nafas,,2025-06-16 14:27:58.872,
1370763,,,2025-09-02 07:36:01.779,ag_5253
914210,stu3,,2025-07-29 09:10:01.905,ag_14843
588860,A.S.,,2025-06-16 14:27:58.872,
588837,Nexus-weather,,2025-06-16 14:27:58.872,ag_4135
588870,KINAQ Huilleries,,2025-06-16 14:27:58.872,
1371751,AIrWatch,,2025-09-02 07:36:01.779,ag_17296
588689,E P,,2025-06-16 14:27:58.872,ag_11567
1371342,,,2025-09-02 07:36:01.779,ag_3890
588878,AirGradient x IIUM Kuantan,,2025-06-16 14:27:58.872,
588880,Nonpawit,,2025-06-16 14:27:58.872,
588885,Bluepython,,2025-06-16 14:27:58.872,
588903,Boise State Public Radio,,2025-06-16 14:27:58.872,
588925,ACUMAR,,2025-06-16 14:27:58.872,
588943,Ravkat Mukhtarov ,,2025-06-16 14:27:58.872,
588944,Pafu,,2025-06-16 14:27:58.872,
914122,บริษัท ไอ.ที.โกลโบล จำกัด,,2025-07-29 09:10:01.905,ag_13631
588963,TimBee ,,2025-06-16 14:27:58.872,
588964,Manuel Brielle,,2025-06-16 14:27:58.872,
588672,FLIII,,2025-06-16 14:27:58.872,ag_11705
588532,Evan,,2025-06-16 14:27:58.872,ag_9617
1371076,,,2025-09-02 07:36:01.779,ag_3904
588970,millennium-residence,,2025-06-16 14:27:58.872,
1371455,SHASA,shasa.com.au,2025-09-02 07:36:01.779,ag_17250
588859,Scottyboi,,2025-06-16 14:27:58.872,ag_8407
588544,Sarah Gudeman,,2025-06-16 14:27:58.872,ag_738
588765,McRurack,,2025-06-16 14:27:58.872,ag_3618
588986,Wieringerwaard,,2025-06-16 14:27:58.872,
1371790,Kaunietis,,2025-09-02 07:36:01.779,ag_13896
589056,Diane ,,2025-06-16 14:27:58.872,ag_11522
588868,mrdrew,,2025-06-16 14:27:58.872,ag_11369
588746,cly ,,2025-06-16 14:27:58.872,ag_13608
589000,kreativmonkey,,2025-06-16 14:27:58.872,
589004,Hudson waterfront,,2025-06-16 14:27:58.872,
589005,Slimbo,,2025-06-16 14:27:58.872,
1371008,MUBAS AIR QUALITY,,2025-09-02 07:36:01.779,ag_16664
588679,William,,2025-06-16 14:27:58.872,ag_10641
1371766,,,2025-09-02 07:36:01.779,ag_5036
1371724,Bob,,2025-09-02 07:36:01.779,ag_15868
589022,Somerville/Medford,,2025-06-16 14:27:58.872,
1371321,,,2025-09-02 07:36:01.779,ag_1888
1370974,,,2025-09-02 07:36:01.779,ag_2489
1371688,Halcyon,,2025-09-02 07:36:01.779,ag_15354
589009,Northside Fort Worth Air,http://nsfwair.com,2025-06-16 14:27:58.872,ag_10144
588915,DOCRRA / CAP ,,2025-06-16 14:27:58.872,ag_9074
1371027,Levente,,2025-09-02 07:36:01.779,ag_13402
1388560,ushuGh7ahl,,2025-09-13 00:00:00.371,ag_5843
1371438,Dave Q,,2025-09-02 07:36:01.779,ag_3791
588879,Matthias,,2025-06-16 14:27:58.872,ag_8350
1393266,Matthew Asplund,,2025-09-16 00:00:00.242,ag_13606
588754,Mogens Christiansen,,2025-06-16 14:27:58.872,ag_12613
1371642,openEyeSignal,,2025-09-02 07:36:01.779,ag_4172
1257618,ilan,,2025-08-25 00:00:01.657,ag_17074
588845,Treehouse Village Ecohousing,https://treehousevillage.ca,2025-06-16 14:27:58.872,ag_9736
588962,Homer Simpson,,2025-06-16 14:27:58.872,ag_9320
588622,Tim Schofield,,2025-06-16 14:27:58.872,ag_13612
1370353,,,2025-09-02 07:36:01.779,ag_1617
588778,Larry,,2025-06-16 14:27:58.872,ag_15631
1371270,,,2025-09-02 07:36:01.779,ag_12088
1371778,,,2025-09-02 07:36:01.779,ag_9648
1371100,,,2025-09-02 07:36:01.779,ag_5977
589024,RevRex,,2025-06-16 14:27:58.872,ag_11119
588704,Paul Petzar,,2025-06-16 14:27:58.872,ag_14892
994270,Ian Darwin,https://darwinsys.com/,2025-08-05 00:00:01.659,ag_2731
588734,Stefan Sulistyo,,2025-06-16 14:27:58.872,ag_11553
1370400,,,2025-09-02 07:36:01.779,ag_13944
1370420,,,2025-09-02 07:36:01.779,ag_1959
1371426,,,2025-09-02 07:36:01.779,ag_12722
1370507,,,2025-09-02 07:36:01.779,ag_3880
913083,StreetScience,,2025-07-29 09:10:01.905,ag_1356
588686,Luke,,2025-06-16 14:27:58.872,ag_416
1371765,,,2025-09-02 07:36:01.779,ag_15613
589028,Nils O.,,2025-06-16 14:27:58.872,
589030,PeJanNL,,2025-06-16 14:27:58.872,
1218146,FWA,,2025-08-22 00:00:01.681,ag_17122
914041,IJ,,2025-07-29 09:10:01.905,
914350,LAIDEA-UNAM,,2025-07-29 09:10:01.905,
914380,ushuGh7ahl,,2025-07-29 09:10:01.905,
914401,Valrico home,,2025-07-29 09:10:01.905,
914448,Isabel W,,2025-07-29 09:10:01.905,
1371112,,,2025-09-02 07:36:01.779,ag_6308
914464,smart air bangladesh,,2025-07-29 09:10:01.905,
914474,VA,,2025-07-29 09:10:01.905,
1371750,,,2025-09-02 07:36:01.779,ag_4613
925773,Delhi Pollution Control Committee,,2025-07-30 00:00:35.728,
925779,Haryana State Pollution Control Board,,2025-07-30 00:00:35.728,
925783,Telangana State Pollution Control Board,,2025-07-30 00:00:35.728,
925791,Uttar Pradesh Pollution Control Board,,2025-07-30 00:00:35.728,
925795,Central Pollution Control Board,,2025-07-30 00:00:35.728,
925809,Maharashtra Pollution Control Board,,2025-07-30 00:00:35.728,
925811,India Meteorological Department,,2025-07-30 00:00:35.728,
925812,Andhra Pradesh Pollution Control Board,,2025-07-30 00:00:35.728,
925813,Madhya Pradesh Pollution Control Board,,2025-07-30 00:00:35.728,
925815,Punjab Pollution Control Board,,2025-07-30 00:00:35.728,
1371584,,,2025-09-02 07:36:01.779,ag_7
588536,Dan,,2025-06-16 14:27:58.872,ag_14887
1373872,Longchêne,,2025-09-04 00:00:01.754,ag_17430
588957,KM6NUK,,2025-06-16 14:27:58.872,ag_13607
588567,Perceval,,2025-06-16 14:27:58.872,ag_11464
1371791,,,2025-09-02 07:36:01.779,ag_8202
588738,air_bending_bud,,2025-06-16 14:27:58.872,ag_5934
1393274,Rob,,2025-09-16 00:00:00.242,ag_17750
1371424,,,2025-09-02 07:36:01.779,ag_6917
588751,Andreas ,,2025-06-16 14:27:58.872,ag_9332
1370680,Dave,,2025-09-02 07:36:01.779,ag_15913
1385176,,,2025-09-11 00:00:01.656,ag_17636
914400,See The Air,,2025-07-29 09:10:01.905,ag_135
1370387,,,2025-09-02 07:36:01.779,ag_2425
1231326,zamudio ,,2025-08-23 00:00:01.750,ag_16476
913278,Air quality contributor #98000234,,2025-07-29 09:10:01.905,ag_4642
588938,BM,,2025-06-16 14:27:58.872,ag_15404
1379647,EU51757,,2025-09-08 00:00:01.736,ag_17359
1371682,,,2025-09-02 07:36:01.779,ag_12380
588958,Luciano Lamaita,,2025-06-16 14:27:58.872,ag_2509
589003,Korkait Wiriyasombut,www.korkiat.in.th,2025-06-16 14:27:58.872,ag_11880
588945,Radu,,2025-06-16 14:27:58.872,ag_16631
588919,Bishop's University - BAL,,2025-06-16 14:27:58.872,ag_5500
1371351,,,2025-09-02 07:36:01.779,ag_2936
1371355,slads,,2025-09-02 07:36:01.779,ag_15268
1371730,Sleinous,,2025-09-02 07:36:01.779,ag_17337
589032,Mike Koss,https://mckoss.com,2025-06-16 14:27:58.872,ag_8270
1370734,,,2025-09-02 07:36:01.779,ag_2333
1371423,,,2025-09-02 07:36:01.779,ag_13411
1370555,,,2025-09-02 07:36:01.779,ag_1561
1371199,,,2025-09-02 07:36:01.779,ag_6556
925817,Jharkhad State Pollution Control Board,,2025-07-30 00:00:35.728,
925820,Bihar State Pollution Control Board,,2025-07-30 00:00:35.728,
925822,Odisha State Pollution Control Board,,2025-07-30 00:00:35.728,
925825,Karnataka State Pollution Control Board,,2025-07-30 00:00:35.728,
925826,Rajasthan State Pollution Control Board,,2025-07-30 00:00:35.728,
925836,West Bengal Pollution Control Board,,2025-07-30 00:00:35.728,
925857,Gujarat Pollution Control Board,,2025-07-30 00:00:35.728,
925867,Kerala State Pollution Control Board,,2025-07-30 00:00:35.728,
925882,Ambuja Cement,,2025-07-30 00:00:35.728,
925883,MP Birla Cement,,2025-07-30 00:00:35.728,
925892,IPCA Laboratories,,2025-07-30 00:00:35.728,
925917,Indian Institute of Tropical Meteorology,,2025-07-30 00:00:35.728,
925957,Mizoram Pollution Control Board,,2025-07-30 00:00:35.728,
925962,Nandesari Industries Association,,2025-07-30 00:00:35.728,
925971,Tamil Nadu Pollution Control Board,,2025-07-30 00:00:35.728,
925995,Meghalaya State Pollution Control Board,,2025-07-30 00:00:35.728,
925997,Nagaland Pollution Control Board,,2025-07-30 00:00:35.728,
926006,Mondelez India Foods,,2025-07-30 00:00:35.728,
926008,Chandigarh Pollution Control Committee,,2025-07-30 00:00:35.728,
926010,KJS Concrete,,2025-07-30 00:00:35.728,
926044,Puducherry Pollution Control Committee,,2025-07-30 00:00:35.728,
926045,Jammu and Kashmir Pollution Control Board,,2025-07-30 00:00:35.728,
926047,Arunachal Pradesh State Pollution Control Board,,2025-07-30 00:00:35.728,
926078,Chhattisgarh Environment Conservation Board,,2025-07-30 00:00:35.728,
926082,Bhilai Steel Plant,,2025-07-30 00:00:35.728,
926104,H.P. State Pollution Control Board,,2025-07-30 00:00:35.728,
926105,Tripura State Pollution Control Board,,2025-07-30 00:00:35.728,
926110,Uttarakhand Pollution Control Board,,2025-07-30 00:00:35.728,
926134,Assam Pollution Control Board,,2025-07-30 00:00:35.728,
926150,OpenAQ admin,,2025-07-30 00:00:35.728,
926180,Surat Municipal Corporation,,2025-07-30 00:00:35.728,
926223,Glenmark Pharmaceuticals Limited,,2025-07-30 00:00:35.728,
926297,Jabalpur Municipal Corporation,,2025-07-30 00:00:36.081,
926304,Indore Municipal Corporation,,2025-07-30 00:00:36.081,
926316,Brihanmumbai Municipal Corporation,,2025-07-30 00:00:36.081,
1007689,CIEC,,2025-08-06 00:00:01.656,
1100166,xelkoom-valley,,2025-08-13 00:00:01.709,
1231265,LES JEUNES TECH,,2025-08-23 00:00:01.750,
1244500,justin,,2025-08-24 00:00:01.715,
1269785,ahonxxx,,2025-08-26 00:00:01.982,
1296514,Fruitmans,,2025-08-28 00:00:01.650,
1308428,Air saknia 1,,2025-08-29 00:00:01.645,
1309429,WEP,,2025-08-29 00:00:01.645,
1344551,Le Pergo,,2025-09-01 00:00:02.637,
1390978,Brian Connelly,,2025-09-15 00:00:00.327,ag_17719
588529,Tony,,2025-06-16 14:27:58.872,ag_9374
914458,San Francisco,,2025-07-29 09:10:01.905,ag_16292
1371254,Dejan,,2025-09-02 07:36:01.779,ag_13364
588821,Thung Hua Sinn Group,www.thunghuasinn.com,2025-06-16 14:27:58.872,ag_11983
588516,Gilu,,2025-06-16 14:27:58.872,ag_6050
1323081,T. Dawson,,2025-08-30 00:00:06.733,ag_16913
1370795,,,2025-09-02 07:36:01.779,ag_17165
589039,Just A Friendly Neighbor,,2025-06-16 14:27:58.872,ag_14375
1370532,,,2025-09-02 07:36:01.779,ag_4570
1370626,,,2025-09-02 07:36:01.779,ag_4246
1370710,George,,2025-09-02 07:36:01.779,ag_13081
1370367,,,2025-09-02 07:36:01.779,ag_3966
1370958,BN,,2025-09-02 07:36:01.779,ag_15618
914351,Whonnock,,2025-07-29 09:10:01.905,ag_15723
1371417,ErikM,,2025-09-02 07:36:01.779,ag_17299
1370889,,,2025-09-02 07:36:01.779,ag_7667
1371732,,,2025-09-02 07:36:01.779,ag_4345
1370574,,,2025-09-02 07:36:01.779,ag_5906
1371361,,,2025-09-02 07:36:01.779,ag_4802
589014,kloor,,2025-06-16 14:27:58.872,ag_481
1218139,BTT,www.brighttotech.com,2025-08-22 00:00:01.681,ag_16215
588812,JR,,2025-06-16 14:27:58.872,ag_11392
1378966,Anonymous,,2025-09-07 00:00:01.687,ag_8846
1389629,komodod,,2025-09-14 00:00:04.355,ag_17652
1370791,,,2025-09-02 07:36:01.779,ag_10922
914473,NCW,,2025-07-29 09:10:01.905,ag_16455
588994,Ion,,2025-06-16 14:27:58.872,ag_11629
1371249,,,2025-09-02 07:36:01.779,ag_8681
1371345,,,2025-09-02 07:36:01.779,ag_8956
1370997,,,2025-09-02 07:36:01.779,ag_10900
1396276,,,2025-09-18 00:00:01.628,ag_7582
1370755,,,2025-09-02 07:36:01.779,ag_2640
1370638,irrelevant,,2025-09-02 07:36:01.779,ag_16962
1371371,,,2025-09-02 07:36:01.779,ag_12270
588872,Eyes,,2025-06-16 14:27:58.872,ag_7958
588702,Lothric,,2025-06-16 14:27:58.872,ag_7634
1371529,Greenpeace,,2025-09-02 07:36:01.779,ag_16263
588984,Franklin van Velthuizen,,2025-06-16 14:27:58.872,ag_9045
588588,Rafi,,2025-06-16 14:27:58.872,ag_15510
588822,Wit,,2025-06-16 14:27:58.872,ag_7546
588971,UAL Creative Computing Institute,https://arts.ac.uk/cci,2025-06-16 14:27:58.872,ag_2549
588712,TheMeadow,,2025-06-16 14:27:58.872,ag_7420
588935,Manila Observatory,,2025-06-16 14:27:58.872,ag_15303
1385119,VA,,2025-09-11 00:00:01.656,ag_16463
1370478,,,2025-09-02 07:36:01.779,ag_8575
914449,Rob Sweet,,2025-07-29 09:10:01.905,ag_16135
1370663,,,2025-09-02 07:36:01.779,ag_17212
1370850,,,2025-09-02 07:36:01.779,ag_3385
588693,nnarin,,2025-06-16 14:27:58.872,ag_4870
1371519,Adrian,,2025-09-02 07:36:01.779,ag_7200
1371585,Private,,2025-09-02 07:36:01.779,ag_13214
588737,ennenine,,2025-06-16 14:27:58.872,ag_8331
1370652,University of Birmingham,,2025-09-02 07:36:01.779,ag_11527
1371242,Anonymous,,2025-09-02 07:36:01.779,ag_8241
914439,@ts 2025,,2025-07-29 09:10:01.905,ag_3066
588760,Gandalf,,2025-06-16 14:27:58.872,ag_9211
1370426,,,2025-09-02 07:36:01.779,ag_5001
588913,Czyste Powietrze,,2025-06-16 14:27:58.872,ag_4473
1370437,Daniel Bentley,,2025-09-02 07:36:01.779,ag_15254
1073934,cometman,,2025-08-11 00:00:01.675,ag_16402
1371400,Boman,,2025-09-02 07:36:01.779,ag_10724
1371577,,,2025-09-02 07:36:01.779,ag_9722
588663,Taylor,,2025-06-16 14:27:58.872,ag_15609
1370610,Joey Boon,,2025-09-02 07:36:01.779,ag_13426
1371523,,,2025-09-02 07:36:01.779,ag_2663
1370947,,,2025-09-02 07:36:01.779,ag_5448
588858,MattM,,2025-06-16 14:27:58.872,ag_12655
588578,RBCAA,,2025-06-16 14:27:58.872,ag_7089
588595,M,,2025-06-16 14:27:58.872,ag_13615
588922,Niftarlake College,,2025-06-16 14:27:58.872,ag_11469
1387435,CIEC,,2025-09-12 00:00:01.686,ag_5961
588833,yatil,,2025-06-16 14:27:58.872,ag_6459
1371733,,,2025-09-02 07:36:01.779,ag_15873
588764,Kal Patel,,2025-06-16 14:27:58.872,ag_9030
589063,Niklasbhv,,2025-06-16 14:27:58.872,ag_8346
588762,Franciscan Woods,,2025-06-16 14:27:58.872,ag_12193
588676,Pharizna,,2025-06-16 14:27:58.872,ag_4631
1371239,Nationaal Park Brabantse Wouden,,2025-09-02 07:36:01.779,ag_15678
1370809,,,2025-09-02 07:36:01.779,ag_3525
588559,RBC,,2025-06-16 14:27:58.872,ag_6032
588978,thol,,2025-06-16 14:27:58.872,ag_8835
589015,"M2Sat, Sat IoT Lab",https://www.m2sat.com/m2sat-iot-platform,2025-06-16 14:27:58.872,ag_7767
1371618,,,2025-09-02 07:36:01.779,ag_3316
588696,Clean Air please,Clean Air pls ,2025-06-16 14:27:58.872,ag_13761
588613,James,,2025-06-16 14:27:58.872,ag_10476
1370810,,,2025-09-02 07:36:01.779,ag_13009
589010,Cai,,2025-06-16 14:27:58.872,ag_7747
1371370,,,2025-09-02 07:36:01.779,ag_14631
588782,Oleg bc,,2025-06-16 14:27:58.872,ag_15240
588886,Thameside Primary School,,2025-06-16 14:27:58.872,ag_9916
588921,Nabu Casa UK,,2025-06-16 14:27:58.872,ag_7919
1371705,,,2025-09-02 07:36:01.779,ag_16270
1371647,redfishheaven,,2025-09-02 07:36:01.779,ag_16152
588642,Velvet,,2025-06-16 14:27:58.872,ag_15566
913452,Figie,,2025-07-29 09:10:01.905,ag_7101
1371444,,,2025-09-02 07:36:01.779,ag_1942
588710,Woodchuck,,2025-06-16 14:27:58.872,ag_6778
1370376,Walnut203,,2025-09-02 07:36:01.779,ag_16839
588982,Astronomy Acres Remote Observatories,https://AstronomyAcres.com,2025-06-16 14:27:58.872,ag_14532
588893,BDLP,,2025-06-16 14:27:58.872,ag_7239
913293,HKB,,2025-07-29 09:10:01.905,ag_5513
1371801,ANTHOUPOLI,,2025-09-02 07:36:01.779,ag_13733
1371568,,,2025-09-02 07:36:01.779,ag_11882
1072870,Cubus,,2025-08-11 00:00:01.675,ag_6174
1371141,,,2025-09-02 07:36:01.779,ag_3827
1371806,,,2025-09-02 07:36:01.779,ag_2981
1370346,,,2025-09-02 07:36:01.779,ag_7572
1370852,,,2025-09-02 07:36:01.779,ag_5430
1388504,Encore Cleaning and Maintenance ,,2025-09-13 00:00:00.371,ag_14758
588924,HATCH Workshop,https://www.hatchworkshop.org/,2025-06-16 14:27:58.872,ag_14045
1370683,,,2025-09-02 07:36:01.779,ag_7775
588525,Dunwerkinranch,,2025-06-16 14:27:58.872,ag_14771
1371713,,,2025-09-02 07:36:01.779,ag_1784
1370728,ravedog,,2025-09-02 07:36:01.779,ag_14626
1371073,,,2025-09-02 07:36:01.779,ag_12825
588602,Kfstop,,2025-06-16 14:27:58.872,ag_11059
1370630,,,2025-09-02 07:36:01.779,ag_5378
1371668,Festo Microtechnology AG,,2025-09-02 07:36:01.779,ag_8406
588603,M Cross,,2025-06-16 14:27:58.872,ag_6602
1371573,AirGradient,,2025-09-02 07:36:01.779,ag_133
588703,Charley,,2025-06-16 14:27:58.872,ag_11081
1375444,Samobor1,,2025-09-05 00:00:01.644,ag_15922
1371726,Paill0u,,2025-09-02 07:36:01.779,ag_14253
588541,Black,,2025-06-16 14:27:58.872,ag_5025
588721,AZ,,2025-06-16 14:27:58.872,ag_3405
588572,Omeros Corporation,,2025-06-16 14:27:58.872,ag_6033
588897,Joshua Williams,,2025-06-16 14:27:58.872,ag_7032
588884,Twinky68,,2025-06-16 14:27:58.872,ag_12605
588651,Arthur R.,,2025-06-16 14:27:58.872,ag_12790
588965,Martin H,,2025-06-16 14:27:58.872,ag_7323
1370899,hobby anonymous,,2025-09-02 07:36:01.779,ag_17215
588881,"Zhongshan North Road, Taipei",,2025-06-16 14:27:58.872,ag_8541
588727,Ernest,,2025-06-16 14:27:58.872,ag_1976
588731,Ann,,2025-06-16 14:27:58.872,ag_14526
589016,CBluto,,2025-06-16 14:27:58.872,ag_7653
1371651,,,2025-09-02 07:36:01.779,ag_15889
1395925,SnowDiamond,,2025-09-18 00:00:01.628,ag_10464
588882,SM Alaali,,2025-06-16 14:27:58.872,ag_12949
1370746,,https://www.nwu.ac.za,2025-09-02 07:36:01.779,ag_1339
1391211,,,2025-09-15 00:00:00.327,ag_17708
1371123,,,2025-09-02 07:36:01.779,ag_2991
1371138,N,,2025-09-02 07:36:01.779,ag_15898
588655,Dominik Pechac,,2025-06-16 14:27:58.872,ag_14678
1371097,,,2025-09-02 07:36:01.779,ag_16740
588652,Northwest Clean Air Agency,,2025-06-16 14:27:58.872,ag_1941
1371602,NetAware,,2025-09-02 07:36:01.779,ag_12543
913834,Tingler,,2025-07-29 09:10:01.905,ag_11261
1371368,,,2025-09-02 07:36:01.779,ag_6508
1205099,Polinya,,2025-08-21 00:00:01.682,ag_17107
589064,maccampb,,2025-06-16 14:27:58.872,ag_4293
1370820,Saikou Camara,,2025-09-02 07:36:01.779,ag_15978
1087086,AC9DJ,,2025-08-12 00:00:02.037,ag_3362
1370691,,,2025-09-02 07:36:01.779,ag_3933
588896,Stig,,2025-06-16 14:27:58.872,ag_8257
1371336,GatineauDemaison,,2025-09-02 07:36:01.779,ag_16321
1370350,,,2025-09-02 07:36:01.779,ag_1851
1358926,Aziza,,2025-09-02 00:00:01.623,ag_16001
1371812,,,2025-09-02 07:36:01.779,ag_3188
1370386,,,2025-09-02 07:36:01.779,ag_2476
914393,John,,2025-07-29 09:10:01.905,ag_17318
588889,ViSiON,,2025-06-16 14:27:58.872,ag_9595
1380585,Bethany,,2025-09-08 00:00:01.736,ag_17301
1371475,WitKubKanis,,2025-09-02 07:36:01.779,ag_16225
1370766,ANDY.BUILD,,2025-09-02 07:36:01.779,ag_17161
1371153,,,2025-09-02 07:36:01.779,ag_2087
1371539,,,2025-09-02 07:36:01.779,ag_6040
1371420,,,2025-09-02 07:36:01.779,ag_15952
588781,Andrey Nikolaev,,2025-06-16 14:27:58.872,ag_10669
1397567,Nils O.,,2025-09-19 00:00:01.603,ag_8236
1371623,Darth-Air,,2025-09-02 07:36:01.779,ag_2308
1371674,,,2025-09-02 07:36:01.779,ag_918
914420,apeine,,2025-07-29 09:10:01.905,ag_15956
588640,ARAQMD1,,2025-06-16 14:27:58.872,ag_7554
913418,Jon Stacey,,2025-07-29 09:10:01.905,ag_6724
588865,Richard Dankworth,,2025-06-16 14:27:58.872,ag_15367
588591,AirGradient Fan,,2025-06-16 14:27:58.872,ag_1199
589047,Voiceofcologne,,2025-06-16 14:27:58.872,ag_10626
1371319,,,2025-09-02 07:36:01.779,ag_7148
1371517,The Urban Unit,,2025-09-02 07:36:01.779,ag_14853
1371476,,,2025-09-02 07:36:01.779,ag_4832
1371576,,,2025-09-02 07:36:01.779,ag_4105
588540,Wierden,,2025-06-16 14:27:58.872,ag_1835
588871,Afri-SET,,2025-06-16 14:27:58.872,ag_2561
588729,Ing. David Sedláček,,2025-06-16 14:27:58.872,ag_13149
589065,Kev,,2025-06-16 14:27:58.872,ag_7928
1370955,Josh S,,2025-09-02 07:36:01.779,ag_15834
588932,SEEN,www.seen.team,2025-06-16 14:27:58.872,ag_126
1371696,SP,,2025-09-02 07:36:01.779,ag_13765
1370876,,,2025-09-02 07:36:01.779,ag_5439
914471,BOCTOK,,2025-07-29 09:10:01.905,ag_16424
1191951,nicjac13,,2025-08-20 00:00:01.643,ag_17085
1370719,,,2025-09-02 07:36:01.779,ag_11503
1370987,,,2025-09-02 07:36:01.779,ag_4188
588956,Joker61,,2025-06-16 14:27:58.872,ag_6260
1370435,,,2025-09-02 07:36:01.779,ag_10146
588556,Trent Y,,2025-06-16 14:27:58.872,ag_6590
588969,Vestec Meteo,,2025-06-16 14:27:58.872,ag_13404
588788,Ben Bogie,,2025-06-16 14:27:58.872,ag_9478
1370925,,,2025-09-02 07:36:01.779,ag_3054
588891,Batata,,2025-06-16 14:27:58.872,ag_11729
1370985,,,2025-09-02 07:36:01.779,ag_2869
1370579,Epoch,,2025-09-02 07:36:01.779,ag_9345
588666,Dr. Bennett,,2025-06-16 14:27:58.872,ag_10940
1371078,,,2025-09-02 07:36:01.779,ag_4276
1370418,,,2025-09-02 07:36:01.779,ag_5834
588941,Pňov Předhradí,,2025-06-16 14:27:58.872,ag_2502
1309431,sweetwaterfarter,,2025-08-29 00:00:01.645,ag_17304
1370392,Dimensity,,2025-09-02 07:36:01.779,ag_17282
1371136,Marco,,2025-09-02 07:36:01.779,ag_15812
588926,Adam Cook,,2025-06-16 14:27:58.872,ag_10765
1370908,,,2025-09-02 07:36:01.779,ag_14372
1370883,,,2025-09-02 07:36:01.779,ag_6229
588715,Tangentialscience,,2025-06-16 14:27:58.872,ag_12867
1371152,ICL,,2025-09-02 07:36:01.779,ag_15550
1370540,,,2025-09-02 07:36:01.779,ag_3236
588899,Barry,,2025-06-16 14:27:58.872,ag_13431
589007,Andy Humphrey,,2025-06-16 14:27:58.872,ag_10543
1400866,David Titivanich,,2025-09-21 00:00:01.675,ag_17209
1371310,,,2025-09-02 07:36:01.779,ag_4961
1371734,,,2025-09-02 07:36:01.779,ag_10651
1371763,,,2025-09-02 07:36:01.779,ag_5528
588767,Luftqualitätsmessung Schwangau,,2025-06-16 14:27:58.872,ag_13407
1379180,Nonpawit,,2025-09-07 00:00:01.687,ag_12488
1370597,,,2025-09-02 07:36:01.779,ag_12407
1371212,,,2025-09-02 07:36:01.779,ag_6414
1371320,HNCC,,2025-09-02 07:36:01.779,ag_9364
1371689,,,2025-09-02 07:36:01.779,ag_13029
1371077,,,2025-09-02 07:36:01.779,ag_2837
589062,JSanphy,,2025-06-16 14:27:58.872,ag_7320
1370523,,,2025-09-02 07:36:01.779,ag_190
588784,Bruce Segal,,2025-06-16 14:27:58.872,ag_7068
913728,AM,,2025-07-29 09:10:01.905,ag_9492
1371543,,,2025-09-02 07:36:01.779,ag_3071
588649,Johannes,,2025-06-16 14:27:58.872,ag_8997
914349,Les puff,,2025-07-29 09:10:01.905,ag_9857
588566,Miha,,2025-06-16 14:27:58.872,ag_11817
588680,Mike,,2025-06-16 14:27:58.872,ag_6949
1371757,,,2025-09-02 07:36:01.779,ag_13186
1371160,Green Decision Labs and Research,https://gdlabs.org.np/,2025-09-02 07:36:01.779,ag_15939
1371294,,,2025-09-02 07:36:01.779,ag_5984
914151,Jai Prakash,,2025-07-29 09:10:01.905,ag_14037
1371473,R,,2025-09-02 07:36:01.779,ag_12187
1370416,Chris,,2025-09-02 07:36:01.779,ag_12324
1370750,,,2025-09-02 07:36:01.779,ag_7275
588980,Freek,,2025-06-16 14:27:58.872,ag_4930
1370888,Paul,,2025-09-02 07:36:01.779,ag_16227
1371200,,,2025-09-02 07:36:01.779,ag_11943
588575,Tipamas - A 5th floor ,,2025-06-16 14:27:58.872,ag_11600
1152537,Badger,,2025-08-17 00:00:01.678,ag_3202
588517,Kouk Roka,,2025-06-16 14:27:58.872,ag_12634
1371601,,,2025-09-02 07:36:01.779,ag_7304
1371164,The Urban Unit,,2025-09-02 07:36:01.779,ag_14852
1371430,LZA,,2025-09-02 07:36:01.779,ag_16770
1374300,Bambo,,2025-09-04 00:00:01.754,ag_17292
588783,fd,,2025-06-16 14:27:58.872,ag_7730
1371508,David,,2025-09-02 07:36:01.779,ag_15984
588605,NJDEP Air Monitoring,,2025-06-16 14:27:58.872,ag_15309
1370458,HARMONY,,2025-09-02 07:36:01.779,ag_17113
1370378,Beans,,2025-09-02 07:36:01.779,ag_6005
1400909,GH,,2025-09-21 00:00:01.675,ag_12053
1370703,,,2025-09-02 07:36:01.779,ag_1289
1370679,,,2025-09-02 07:36:01.779,ag_14444
1139400,UZNTHE4S,,2025-08-16 00:00:01.823,ag_16662
1371630,Pajamas,,2025-09-02 07:36:01.779,ag_10357
1346090,"GWG Wohnanlage ""Belle Vallee""",,2025-09-01 00:00:02.637,ag_16794
1371064,,,2025-09-02 07:36:01.779,ag_16300
1371000,,,2025-09-02 07:36:01.779,ag_10971
588589,Ger1,,2025-06-16 14:27:58.872,ag_11268
1371102,,,2025-09-02 07:36:01.779,ag_6449
1371538,,,2025-09-02 07:36:01.779,ag_3590
1371431,,,2025-09-02 07:36:01.779,ag_1872
982649,Lac de l'Écluse,,2025-08-04 00:00:01.633,ag_16646
589027,MiAutomations,,2025-06-16 14:27:58.872,ag_15409
589052,Pai Air,,2025-06-16 14:27:58.872,ag_4271
1371281,,,2025-09-02 07:36:01.779,ag_2193
1370745,,,2025-09-02 07:36:01.779,ag_2253
588562,Mihajlo Mulaji via AirGradient,https://www.airgradient.com/,2025-06-16 14:27:58.872,ag_13614
588799,CCPATollFree.com,,2025-06-16 14:27:58.872,ag_9025
1371184,Air Impact,,2025-09-02 07:36:01.779,ag_10661
1370514,,,2025-09-02 07:36:01.779,ag_10916
956598,matty,,2025-08-02 00:00:01.614,ag_16682
1371437,,,2025-09-02 07:36:01.779,ag_6180
1371022,SJS2025,,2025-09-02 07:36:01.779,ag_15287
588625,Samuel,,2025-06-16 14:27:58.872,ag_10067
1370644, ,,2025-09-02 07:36:01.779,ag_6221
588851,Cesar Anjos,,2025-06-16 14:27:58.872,ag_5124
1371446,,,2025-09-02 07:36:01.779,ag_4232
1370474,mattikus,,2025-09-02 07:36:01.779,ag_16443
1371633,Mr.E,,2025-09-02 07:36:01.779,ag_3777
1371075,,,2025-09-02 07:36:01.779,ag_7442
1382042,SNC,,2025-09-09 00:00:01.749,ag_16878
1370926,,,2025-09-02 07:36:01.779,ag_127
1371079,,,2025-09-02 07:36:01.779,ag_7888
588550,Mud,,2025-06-16 14:27:58.872,ag_7205
588997,gmorais,,2025-06-16 14:27:58.872,ag_7376
1382019,Neosynephrine,,2025-09-09 00:00:01.749,ag_12373
1371099,,,2025-09-02 07:36:01.779,ag_3159
588705,Luke Tracy,,2025-06-16 14:27:58.872,ag_3506
1371593,MCY,,2025-09-02 07:36:01.779,ag_17065
1370499,,,2025-09-02 07:36:01.779,ag_11422
1389260,Stara,,2025-09-14 00:00:04.355,ag_17694
588621,Ryan S.,,2025-06-16 14:27:58.872,ag_12069
1370629,,,2025-09-02 07:36:01.779,ag_11892
1370517,,,2025-09-02 07:36:01.779,ag_2916
588940,zzyzx,,2025-06-16 14:27:58.872,ag_12366
588645,Star168-NZ,,2025-06-16 14:27:58.872,ag_7573
588841,Hamiltony,,2025-06-16 14:27:58.872,ag_7269
588744,ReneH,,2025-06-16 14:27:58.872,ag_5800
1370871,Dave,,2025-09-02 07:36:01.779,ag_10364
588695,LT,,2025-06-16 14:27:58.872,ag_8595
1370511,Robin Schwaitkus,,2025-09-02 07:36:01.779,ag_15426
1204772,Hakapeszi Maki,,2025-08-21 00:00:01.682,ag_15026
1370881,Anon,,2025-09-02 07:36:01.779,ag_12453
1371816,,,2025-09-02 07:36:01.779,ag_8634
1378980,M Davis,,2025-09-07 00:00:01.687,ag_17298
588535,Beck,,2025-06-16 14:27:58.872,ag_13416
1370388,TMF,,2025-09-02 07:36:01.779,ag_16650
588814,Ridgewood,,2025-06-16 14:27:58.872,ag_11563
588709,Drew,,2025-06-16 14:27:58.872,ag_13549
588900,AirGradient,,2025-06-16 14:27:58.872,ag_469
588748,Gísli,,2025-06-16 14:27:58.872,ag_9117
1370781,,,2025-09-02 07:36:01.779,ag_13261
588952,J Morris,,2025-06-16 14:27:58.872,ag_6863
1371054,Leptians,,2025-09-02 07:36:01.779,ag_14623
1371460,DCJW,,2025-09-02 07:36:01.779,ag_13886
588766,Krondorf Air Quality,,2025-06-16 14:27:58.872,ag_13636
1384078,,,2025-09-10 00:00:12.932,ag_3223
1371402,,,2025-09-02 07:36:01.779,ag_9078
588966,Mikrova,,2025-06-16 14:27:58.872,ag_3152
1370481,Tom,,2025-09-02 07:36:01.779,ag_12931
1346099,MRP,,2025-09-01 00:00:02.637,ag_16924
1376254,Fruitmans,,2025-09-05 00:00:01.644,ag_17249
914432,BN,,2025-07-29 09:10:01.905,ag_15531
916752,Simpsonville,,2025-07-30 00:00:01.727,ag_9111
1370774,,,2025-09-02 07:36:01.779,ag_11212
1371349,William,,2025-09-02 07:36:01.779,ag_8875
1370762,,,2025-09-02 07:36:01.779,ag_737
589060,Tarring,,2025-06-16 14:27:58.872,ag_10857
1371235,D,,2025-09-02 07:36:01.779,ag_15073
1370681,,,2025-09-02 07:36:01.779,ag_4439
1151749,Shane,,2025-08-17 00:00:01.678,ag_10221
588825,HD,,2025-06-16 14:27:58.872,ag_11697
1371771,,,2025-09-02 07:36:01.779,ag_5032
1373356,Brihanmumbai Municipal Corporation,,2025-09-03 00:00:33.025,oaq_8559
1373361,Indore Municipal Corporation,,2025-09-03 00:00:33.025,oaq_8558
1373357,Jabalpur Municipal Corporation,,2025-09-03 00:00:33.025,oaq_8557
1370877,,,2025-09-02 07:36:01.779,ag_16061
1371156,,,2025-09-02 07:36:01.779,ag_16309
1370961,,,2025-09-02 07:36:01.779,ag_2232
1370589,,,2025-09-02 07:36:01.779,ag_2881
1370479,,,2025-09-02 07:36:01.779,ag_1924
1371701,,,2025-09-02 07:36:01.779,ag_12437
1371059,,,2025-09-02 07:36:01.779,ag_5854
1371348,,,2025-09-02 07:36:01.779,ag_11244
1370632,,,2025-09-02 07:36:01.779,ag_4760
1370907,,,2025-09-02 07:36:01.779,ag_7646
1371594,,,2025-09-02 07:36:01.779,ag_3951
1370685,,,2025-09-02 07:36:01.779,ag_2336
1370890,,,2025-09-02 07:36:01.779,ag_9127
1371619,,,2025-09-02 07:36:01.779,ag_1763
1370655,,,2025-09-02 07:36:01.779,ag_2528
1371244,,,2025-09-02 07:36:01.779,ag_2385
1371387,,,2025-09-02 07:36:01.779,ag_2369
1371569,,,2025-09-02 07:36:01.779,ag_17285
1371188,,,2025-09-02 07:36:01.779,ag_1257
1371510,,,2025-09-02 07:36:01.779,ag_3898
1372288,,,2025-09-03 00:00:01.787,ag_6051
1371229,,,2025-09-02 07:36:01.779,ag_6895
588802,Sapana Bhujel ,,2025-06-16 14:27:58.872,ag_9674
1373319,Kerala State Pollution Control Board,,2025-09-03 00:00:32.634,oaq_8534
1395500,Gujarat Pollution Control Board,,2025-09-17 00:00:37.526,oaq_8536
1395501,Chandigarh Pollution Control Committee,,2025-09-17 00:00:37.526,oaq_8541
1373320,Jammu and Kashmir Pollution Control Board,,2025-09-03 00:00:32.634,oaq_8548
588756,kan84,,2025-06-16 14:27:58.872,ag_11393
1371157,,,2025-09-02 07:36:01.779,ag_11360
1373348,Delhi Pollution Control Committee,,2025-09-03 00:00:32.634,oaq_8524
1373338,Nandesari Industries Association,,2025-09-03 00:00:32.634,oaq_8543
1395507,Arunachal Pradesh State Pollution Control Board,,2025-09-17 00:00:37.526,oaq_8562
1373308,IPCA Laboratories,,2025-09-03 00:00:32.634,oaq_8538
1395509,Chhattisgarh Environment Conservation Board,,2025-09-17 00:00:37.526,oaq_8554
1373346,H.P. State Pollution Control Board,,2025-09-03 00:00:32.634,oaq_8551
1373310,Jharkhad State Pollution Control Board,,2025-09-03 00:00:32.634,oaq_8535
1373326,Tamil Nadu Pollution Control Board,,2025-09-03 00:00:32.634,oaq_8540
1373333,Madhya Pradesh Pollution Control Board,,2025-09-03 00:00:32.634,oaq_8521
1370402,,,2025-09-02 07:36:01.779,ag_15361
588607,Katharina & Daniel,,2025-06-16 14:27:58.872,ag_6179
1371776,,,2025-09-02 07:36:01.779,ag_5873
1373317,Karnataka State Pollution Control Board,,2025-09-03 00:00:32.634,oaq_8528
1371257,,,2025-09-02 07:36:01.779,ag_10004
1371269,,,2025-09-02 07:36:01.779,ag_5091
1371405,,,2025-09-02 07:36:01.779,ag_5428
1374473,,,2025-09-04 00:00:01.754,ag_2578
1370576,,,2025-09-02 07:36:01.779,ag_12233
1373341,Rajasthan State Pollution Control Board,,2025-09-03 00:00:32.634,oaq_8519
1371179,,,2025-09-02 07:36:01.779,ag_14255
1371761,Evert Kjellgren,,2025-09-02 07:36:01.779,ag_14036
1390184,,,2025-09-14 00:00:04.355,ag_5876
588646,Someone,,2025-06-16 14:27:58.872,ag_8195
1371762,Pacha Ayllu Ecuador,,2025-09-02 07:36:01.779,ag_13599
1371802,,,2025-09-02 07:36:01.779,ag_4352
1371173,,,2025-09-02 07:36:01.779,ag_6313
1371803,,,2025-09-02 07:36:01.779,ag_15628
1375270,Sarnelli House Foundation,,2025-09-05 00:00:01.644,ag_12817
1371582,,,2025-09-02 07:36:01.779,ag_9301
588514,Aizat Faiz,,2025-06-16 14:27:58.872,ag_10888
1371815,Parkdale,,2025-09-02 07:36:01.779,ag_8480
1371764,,,2025-09-02 07:36:01.779,ag_15688
588638,Tomaz,,2025-06-16 14:27:58.872,ag_10467
1370594,,,2025-09-02 07:36:01.779,ag_6509
1380369,Tomaz,,2025-09-08 00:00:01.736,ag_16138
1371330,,,2025-09-02 07:36:01.779,ag_4530
1370634,,,2025-09-02 07:36:01.779,ag_1335
1371314,Spooky,,2025-09-02 07:36:01.779,ag_17238
1373316,Assam Pollution Control Board,,2025-09-03 00:00:32.634,oaq_8539
1373332,Meghalaya State Pollution Control Board,,2025-09-03 00:00:32.634,oaq_8542
1373312,Glenmark Pharmaceuticals Limited,,2025-09-03 00:00:32.634,oaq_8556
1373309,Ambuja Cement,,2025-09-03 00:00:32.634,oaq_8530
1373311,Maharashtra Pollution Control Board,,2025-09-03 00:00:32.634,oaq_8532
1371722,HV,,2025-09-02 07:36:01.779,ag_5360
1370751,,,2025-09-02 07:36:01.779,ag_1081
1371207,,,2025-09-02 07:36:01.779,ag_2395
1371062,,,2025-09-02 07:36:01.779,ag_11565
1370969,,,2025-09-02 07:36:01.779,ag_9032
1371779,,,2025-09-02 07:36:01.779,ag_2540
1370864,,,2025-09-02 07:36:01.779,ag_1558
1370853,,,2025-09-02 07:36:01.779,ag_5523
1370520,,,2025-09-02 07:36:01.779,ag_17277
1371216,,,2025-09-02 07:36:01.779,ag_6020
1370731,,,2025-09-02 07:36:01.779,ag_2162
1370468,,,2025-09-02 07:36:01.779,ag_9475
1371565,,,2025-09-02 07:36:01.779,ag_4127
588951,aercurat.md,,2025-06-16 14:27:58.872,ag_6053
1371186,,,2025-09-02 07:36:01.779,ag_10714
1371532,,,2025-09-02 07:36:01.779,ag_3624
1370962,,,2025-09-02 07:36:01.779,ag_9542
588942,thejevans,,2025-06-16 14:27:58.872,ag_9552
1370939,,,2025-09-02 07:36:01.779,ag_2700
1371396,,,2025-09-02 07:36:01.779,ag_5596
1370571,,,2025-09-02 07:36:01.779,ag_15619
1390241,,,2025-09-14 00:00:04.355,ag_12142
1370900,,,2025-09-02 07:36:01.779,ag_3394
1370965,,,2025-09-02 07:36:01.779,ag_14392
1381481,,,2025-09-09 00:00:01.749,ag_4875
1371664,,,2025-09-02 07:36:01.779,ag_8597
1371070,,,2025-09-02 07:36:01.779,ag_7908
1370620,,,2025-09-02 07:36:01.779,ag_1195
1370645,,,2025-09-02 07:36:01.779,ag_3221
1371799,,,2025-09-02 07:36:01.779,ag_3509
1371052,,,2025-09-02 07:36:01.779,ag_11127
1371515,Anonymous,,2025-09-02 07:36:01.779,ag_12870
1379655,Ravkat Mukhtarov ,instagram.com/ravkats,2025-09-08 00:00:01.736,ag_8172
1371592,,,2025-09-02 07:36:01.779,ag_6111
1370554,,,2025-09-02 07:36:01.779,ag_2128
1008769,John ,,2025-08-06 00:00:01.656,ag_16769
1374030,,,2025-09-04 00:00:01.754,ag_9759
1391005,Sickla Allé 67,,2025-09-15 00:00:00.327,ag_17714
913090,Konstantin,,2025-07-29 09:10:01.905,ag_2690
1371495,,,2025-09-02 07:36:01.779,ag_2833
1371391,,,2025-09-02 07:36:01.779,ag_5306
1371416,,,2025-09-02 07:36:01.779,ag_6662
1370891,,,2025-09-02 07:36:01.779,ag_7893
588718,Ben,,2025-06-16 14:27:58.872,ag_7439
588829,Samir,,2025-06-16 14:27:58.872,ag_7149
914392,GL Home,,2025-07-29 09:10:01.905,ag_11033
1371533,,,2025-09-02 07:36:01.779,ag_2683
588736,City of Wayne,,2025-06-16 14:27:58.872,ag_7379
1370538,ideaSky,,2025-09-02 07:36:01.779,ag_16031
1396255,,,2025-09-18 00:00:01.628,ag_3279
1370700,Air Tester,,2025-09-02 07:36:01.779,ag_16251
588647,HGR barn,,2025-06-16 14:27:58.872,ag_11368
588832,Jari,,2025-06-16 14:27:58.872,ag_7907
1381294,,,2025-09-09 00:00:01.749,ag_2530
1371581,Triple Nickel,,2025-09-02 07:36:01.779,ag_11748
913255,Josh,,2025-07-29 09:10:01.905,ag_5013
913601,Chestatee Cove,,2025-07-29 09:10:01.905,ag_8502
1370374,,,2025-09-02 07:36:01.779,ag_12729
588757,mxr662,,2025-06-16 14:27:58.872,ag_8508
1371053,,,2025-09-02 07:36:01.779,ag_4068
1370456,,,2025-09-02 07:36:01.779,ag_4977
1370480,,,2025-09-02 07:36:01.779,ag_15710
1370753,,,2025-09-02 07:36:01.779,ag_13443
1370792,,,2025-09-02 07:36:01.779,ag_13491
1370686,,,2025-09-02 07:36:01.779,ag_16541
1370648,,,2025-09-02 07:36:01.779,ag_2912
1371127,,,2025-09-02 07:36:01.779,ag_16386
1370989,Chris,,2025-09-02 07:36:01.779,ag_8907
1371380,,,2025-09-02 07:36:01.779,ag_5265
589037,Andrei A,,2025-06-16 14:27:58.872,ag_11305
1371609,,,2025-09-02 07:36:01.779,ag_2886
1371302,,,2025-09-02 07:36:01.779,ag_3067
1370642,,,2025-09-02 07:36:01.779,ag_9919
1370826,,,2025-09-02 07:36:01.779,ag_3309
1395426,,,2025-09-17 00:00:01.821,ag_17815
1371677,,,2025-09-02 07:36:01.779,ag_3117
1370813,,,2025-09-02 07:36:01.779,ag_5875
1371025,,,2025-09-02 07:36:01.779,ag_16190
1371472,,,2025-09-02 07:36:01.779,ag_567
1371772,,,2025-09-02 07:36:01.779,ag_16557
1371206,,,2025-09-02 07:36:01.779,ag_3266
1370486,,,2025-09-02 07:36:01.779,ag_2544
1371198,,,2025-09-02 07:36:01.779,ag_4791
589023,Dr Han,,2025-06-16 14:27:58.872,ag_12583
1371719,,,2025-09-02 07:36:01.779,ag_3243
1231325,UNSW,,2025-08-23 00:00:01.750,ag_16897
1371182,,,2025-09-02 07:36:01.779,ag_8007
1370689,,,2025-09-02 07:36:01.779,ag_4628
1371700,"51,3400, 12,3750",,2025-09-02 07:36:01.779,ag_10944
1370902,eaj003p,,2025-09-02 07:36:01.779,ag_13904
588996,Martin,,2025-06-16 14:27:58.872,ag_13395
589051,TeMpL,,2025-06-16 14:27:58.872,ag_13350
588892,Dave,,2025-06-16 14:27:58.872,ag_17361
969626,Pumpkin Ridge,,2025-08-03 00:00:01.638,ag_16696
1126264,AUPP Liger Leadership Academy,,2025-08-15 00:00:01.665,ag_16926
1371427,~,,2025-09-02 07:36:01.779,ag_12952
1323086,Kent ,,2025-08-30 00:00:06.733,ag_17330
914472,ATXAIR,,2025-07-29 09:10:01.905,ag_15128
1370846,"1000ouz",,2025-09-02 07:36:01.779,ag_17174
1113324,eb112,,2025-08-14 00:00:01.638,ag_16907
1370744,,,2025-09-02 07:36:01.779,ag_11494
1374790,,,2025-09-04 00:00:01.754,ag_17408
1371787,,,2025-09-02 07:36:01.779,ag_7991
1370944,Redmar,,2025-09-02 07:36:01.779,ag_11108
1374539,Particle Man,,2025-09-04 00:00:01.754,ag_16911
1371627,,,2025-09-02 07:36:01.779,ag_8862
1371263,,,2025-09-02 07:36:01.779,ag_2344
1334926,TT,,2025-08-31 00:00:01.826,ag_15759
1371103,,,2025-09-02 07:36:01.779,ag_11431
1371350,,,2025-09-02 07:36:01.779,ag_16855
589059,Jirka Helmich,,2025-06-16 14:27:58.872,ag_9572
1370375,,,2025-09-02 07:36:01.779,ag_2030
914405,Hue,,2025-07-29 09:10:01.905,ag_15909
1308459,Air Alliance Houston ,,2025-08-29 00:00:01.645,ag_8610
914129,Suminum,,2025-07-29 09:10:01.905,ag_13676
1381597,,,2025-09-09 00:00:01.749,ag_11689
1371706,,,2025-09-02 07:36:01.779,ag_3295
1371006,,,2025-09-02 07:36:01.779,ag_3186
588877,Charlie,,2025-06-16 14:27:58.872,ag_17171
1370929,,,2025-09-02 07:36:01.779,ag_13595
589017,Meechai Bamboo Schools,,2025-06-16 14:27:58.872,ag_5587
930547,MJ,,2025-07-31 00:00:01.695,ag_16641
588844,Dimitar mitev,,2025-06-16 14:27:58.872,ag_10664
1371159,,,2025-09-02 07:36:01.779,ag_6399
1372118,,,2025-09-03 00:00:01.787,ag_3473
1371379,,,2025-09-02 07:36:01.779,ag_11245
1371251,,,2025-09-02 07:36:01.779,ag_17031
588687,Andrew Morris,,2025-06-16 14:27:58.872,ag_7713
955147,Sylvan Bushman,,2025-08-02 00:00:01.614,ag_2309
1371794,,,2025-09-02 07:36:01.779,ag_3550
588993,Waukee-Abigail,,2025-06-16 14:27:58.872,ag_1319
588831,Kalispell Citizen,,2025-06-16 14:27:58.872,ag_7255
1370608,,,2025-09-02 07:36:01.779,ag_5531
1387129,Docxry,Https://docseo.es,2025-09-12 00:00:01.686,ag_17660
1383760,Old Town Goleta,,2025-09-10 00:00:12.932,ag_8819
914148,D & J,,2025-07-29 09:10:01.905,ag_13981
1370410,,,2025-09-02 07:36:01.779,ag_3227
588538,NetPatel,,2025-06-16 14:27:58.872,ag_15538
588976,RS,,2025-06-16 14:27:58.872,ag_13497
588719,CleanAirIsAHumanRight,,2025-06-16 14:27:58.872,ag_8400
1371150,,,2025-09-02 07:36:01.779,ag_8170
914332,BioMine_1,,2025-07-29 09:10:01.905,ag_15616
588682,UNICEF Laos AQM Project,https://www.unicef.org/laos/,2025-06-16 14:27:58.872,ag_6371
1371129,,,2025-09-02 07:36:01.779,ag_4201
588916,Farhan Shah Labs,,2025-06-16 14:27:58.872,ag_9731
1376761,"Metairie, LA",,2025-09-06 00:00:01.653,ag_17002
588665,"Los Feliz, Los Angeles",,2025-06-16 14:27:58.872,ag_6462
588685,Akis,,2025-06-16 14:27:58.872,ag_6380
588928,oconor,,2025-06-16 14:27:58.872,ag_12982
1370862,Mike D,,2025-09-02 07:36:01.779,ag_12254
1371770,,,2025-09-02 07:36:01.779,ag_6012
914470,-,,2025-07-29 09:10:01.905,ag_16033
1370492,,,2025-09-02 07:36:01.779,ag_15949
1371209,,,2025-09-02 07:36:01.779,ag_6037
1370548,Decksta,,2025-09-02 07:36:01.779,ag_11772
1371392,,,2025-09-02 07:36:01.779,ag_1843
589048,J.L. Schoenmaker,,2025-06-16 14:27:58.872,ag_11248
588611,Walter Gregg,https://walt.gregg.juneau.ak.us,2025-06-16 14:27:58.872,ag_9310
1099970,LAMATA,lamata-ng.com,2025-08-13 00:00:01.709,ag_13990
1204109,Bruno,,2025-08-21 00:00:01.682,ag_3466
1371780,,,2025-09-02 07:36:01.779,ag_10666
1371449,,,2025-09-02 07:36:01.779,ag_340
1371130,ctuinstra,,2025-09-02 07:36:01.779,ag_3441
588531,steak113,,2025-06-16 14:27:58.872,ag_5050
1371551,,,2025-09-02 07:36:01.779,ag_7830
1371388,,,2025-09-02 07:36:01.779,ag_6458
1371681,,,2025-09-02 07:36:01.779,ag_1877
588564,Johan,,2025-06-16 14:27:58.872,ag_8592
588936,DLO,,2025-06-16 14:27:58.872,ag_7704
588827,cdine,https://cdine.org,2025-06-16 14:27:58.872,ag_9486
1371556,Highlive ,,2025-09-02 07:36:01.779,ag_15831
1370366,The Urban Unit,,2025-09-02 07:36:01.779,ag_14713
1371364,,,2025-09-02 07:36:01.779,ag_12400
1371498,,,2025-09-02 07:36:01.779,ag_2082
589025,Naish,,2025-06-16 14:27:58.872,ag_8136
1191903,Sebastian Guillen Chavez,,2025-08-20 00:00:01.643,ag_16615
1371747,,,2025-09-02 07:36:01.779,ag_14069
588619,SJVAir.com,https://sjvair.com,2025-06-16 14:27:58.872,ag_4581
1371638,,,2025-09-02 07:36:01.779,ag_11621
1380031,Pafu,,2025-09-08 00:00:01.736,ag_14968
1370720,,,2025-09-02 07:36:01.779,ag_11379
1244499,Redwood Pavilion,,2025-08-24 00:00:01.715,ag_17168
1371278,,,2025-09-02 07:36:01.779,ag_1385
1370439,,,2025-09-02 07:36:01.779,ag_17158
1402756,Cragen,,2025-09-22 00:00:01.724,ag_17948
589045,Cor,,2025-06-16 14:27:58.872,ag_11302
588590,DM,,2025-06-16 14:27:58.872,ag_12027
1382365,,,2025-09-09 00:00:01.749,ag_17573
1374655,TheWhites,,2025-09-04 00:00:01.754,ag_9482
588677,Schuwald,,2025-06-16 14:27:58.872,ag_9877
1296518,Salty Siblings Properties Air quality Monitor,,2025-08-28 00:00:01.650,ag_16829
1371613,Dan Cunliffe,,2025-09-02 07:36:01.779,ag_12782
1370623,Corverslaan,,2025-09-02 07:36:01.779,ag_16276
588890,Birdsey,,2025-06-16 14:27:58.872,ag_2160
1371169,Forkchop,,2025-09-02 07:36:01.779,ag_12895
1165684,Seb ,,2025-08-18 00:00:01.765,ag_17035
588563,U.R.,,2025-06-16 14:27:58.872,ag_11388
1373162,,,2025-09-03 00:00:01.787,ag_2207
589038,นิก,,2025-06-16 14:27:58.872,ag_5
1371661,,,2025-09-02 07:36:01.779,ag_13937
589008,Sean Reigle,,2025-06-16 14:27:58.872,ag_3741
588692,Rogere,,2025-06-16 14:27:58.872,ag_5578
1371147,,,2025-09-02 07:36:01.779,ag_1640
1370424,Nordom,,2025-09-02 07:36:01.779,ag_16347
1371477,,,2025-09-02 07:36:01.779,ag_13769
1370504,,,2025-09-02 07:36:01.779,ag_11048
1371458,,,2025-09-02 07:36:01.779,ag_2124
1205074,N. UNM Monitor,Healthyclimatenm.org,2025-08-21 00:00:01.682,ag_16938
914205,Mark Klein,,2025-07-29 09:10:01.905,ag_14768
1371691,,,2025-09-02 07:36:01.779,ag_9449
1370449,Yerkes Future Foundation,,2025-09-02 07:36:01.779,ag_15872
913631,RockForfd,,2025-07-29 09:10:01.905,ag_8881
914435,pilotken,,2025-07-29 09:10:01.905,ag_3611
1370995,,,2025-09-02 07:36:01.779,ag_11831
1371224,,,2025-09-02 07:36:01.779,ag_1893
1370451,,,2025-09-02 07:36:01.779,ag_11471
1371237,,,2025-09-02 07:36:01.779,ag_7065
1401172,cjorg,,2025-09-21 00:00:01.675,ag_16722
588657,Mikey,,2025-06-16 14:27:58.872,ag_10936
588933,"Daniel ""Drex"" Drexler ",,2025-06-16 14:27:58.872,ag_10550
1370493,,,2025-09-02 07:36:01.779,ag_8011
588726,Kelpless,,2025-06-16 14:27:58.872,ag_14775
1371282,,,2025-09-02 07:36:01.779,ag_12679
588742,Sigrun,,2025-06-16 14:27:58.872,ag_7540
1008768,altstadtmafia,,2025-08-06 00:00:01.656,ag_16765
589029,Dan Dugery,,2025-06-16 14:27:58.872,ag_9633
914450,Element46,,2025-07-29 09:10:01.905,ag_15533
588549,bdothadd,,2025-06-16 14:27:58.872,ag_9134
1371409,Denis,,2025-09-02 07:36:01.779,ag_16269
588714,Dimou,,2025-06-16 14:27:58.872,ag_9158
1371262,,,2025-09-02 07:36:01.779,ag_873
1371292,,,2025-09-02 07:36:01.779,ag_12386
1371171,,,2025-09-02 07:36:01.779,ag_15788
1390073,,,2025-09-14 00:00:04.355,ag_6295
914443,Laco,,2025-07-29 09:10:01.905,ag_16101
1371049,svc0,svc0.com,2025-09-02 07:36:01.779,ag_14487
1371542,,,2025-09-02 07:36:01.779,ag_1128
588887,chimerasaurus,,2025-06-16 14:27:58.872,ag_7452
1370784,,,2025-09-02 07:36:01.779,ag_3241
588573,Egnaro,,2025-06-16 14:27:58.872,ag_11238
588809,HDG,,2025-06-16 14:27:58.872,ag_7217
588671,Bassi,,2025-06-16 14:27:58.872,ag_6502
1371096,CaseOfTheMondays,,2025-09-02 07:36:01.779,ag_9924
1397976,Tokyopellet Ltd.,,2025-09-19 00:00:01.603,ag_17856
588747,JeepinPaintball,,2025-06-16 14:27:58.872,ag_13594
588551,Pt,,2025-06-16 14:27:58.872,ag_15150
588804,Rezonatefreq,,2025-06-16 14:27:58.872,ag_7641
1371328,,,2025-09-02 07:36:01.779,ag_5495
1371020,Data_explorer,,2025-09-02 07:36:01.779,ag_9319
1370356,Sprox,,2025-09-02 07:36:01.779,ag_16484
1370530,schmax,,2025-09-02 07:36:01.779,ag_13539
1371411,,,2025-09-02 07:36:01.779,ag_5962
588684,Randy,,2025-06-16 14:27:58.872,ag_2545
1205019,Ham Y. Herst,,2025-08-21 00:00:01.682,ag_15899
1370377,,,2025-09-02 07:36:01.779,ag_6607
1371413,,,2025-09-02 07:36:01.779,ag_2684
914476,The Demography Project,,2025-07-29 09:10:01.905,ag_16466
914335,Chungus,,2025-07-29 09:10:01.905,ag_15662
1375676,,,2025-09-05 00:00:01.644,ag_11069
1371675,,,2025-09-02 07:36:01.779,ag_15318
589046,ejwtk,,2025-06-16 14:27:58.872,ag_8661
588813,kawimo,,2025-06-16 14:27:58.872,ag_12629
1371490,AK65,,2025-09-02 07:36:01.779,ag_10834
1370484,,,2025-09-02 07:36:01.779,ag_12577
588979,J.BCN,,2025-06-16 14:27:58.872,ag_4534
1370497,CleanAir,,2025-09-02 07:36:01.779,ag_11670
588920,PSCAA,,2025-06-16 14:27:58.872,ag_14932
1394786,wolftune,,2025-09-17 00:00:01.821,ag_17814
1370590,LGA Inc,,2025-09-02 07:36:01.779,ag_15023
588789,CdT Sycamore Canyon AZ ,,2025-06-16 14:27:58.872,ag_12018
1393177,(oYo),,2025-09-16 00:00:00.242,ag_17718
1371680,,,2025-09-02 07:36:01.779,ag_3576
588801,HF,,2025-06-16 14:27:58.872,ag_5979
1370957,,,2025-09-02 07:36:01.779,ag_13700
1370884,,,2025-09-02 07:36:01.779,ag_5245
588894,andrew,,2025-06-16 14:27:58.872,ag_7238
1381551,,,2025-09-09 00:00:01.749,ag_17576
588627,ZanderL ,,2025-06-16 14:27:58.872,ag_12148
1370560,,,2025-09-02 07:36:01.779,ag_3068
588834,បន្ទប់កិច្ចការសង្គម,,2025-06-16 14:27:58.872,ag_14920
589018,Asatryan studio balkon,,2025-06-16 14:27:58.872,ag_12798
588874,Schneckenhaus Inc.,,2025-06-16 14:27:58.872,ag_8119
930546,lazars.net,https://lazars.net/,2025-07-31 00:00:01.695,ag_16634
1370716,,,2025-09-02 07:36:01.779,ag_6273
1370749,,,2025-09-02 07:36:01.779,ag_2210
914377,Marco,,2025-07-29 09:10:01.905,ag_15994
588618,rmorffi,,2025-06-16 14:27:58.872,ag_13578
1386557,,,2025-09-12 00:00:01.686,ag_16906
1384021,Chad,,2025-09-10 00:00:12.932,ag_17594
1371072,wollnet,,2025-09-02 07:36:01.779,ag_13488
1371222,,,2025-09-02 07:36:01.779,ag_16894
588818,KIRK,,2025-06-16 14:27:58.872,ag_12689
1370370,,,2025-09-02 07:36:01.779,ag_3367
1370527,,,2025-09-02 07:36:01.779,ag_6669
1371774,,,2025-09-02 07:36:01.779,ag_3543
588770,Weyland Yutani Corp.,,2025-06-16 14:27:58.872,ag_13116
1371246,,,2025-09-02 07:36:01.779,ag_10270
1383231,AirQo,,2025-09-10 00:00:12.932,ag_17146
588690,Roger Bryce Jr.,,2025-06-16 14:27:58.872,ag_11783
1370552,,,2025-09-02 07:36:01.779,ag_5196
1370956,,,2025-09-02 07:36:01.779,ag_2090
914438,EPA Ghana,https://www.epa.gov.gh/new/,2025-07-29 09:10:01.905,ag_16081
588773,MSP,,2025-06-16 14:27:58.872,ag_12965
1371673,GeekOh,,2025-09-02 07:36:01.779,ag_16328
589053,AK,,2025-06-16 14:27:58.872,ag_16072
1371126,,,2025-09-02 07:36:01.779,ag_3893
588580,Bob Waltenspiel,,2025-06-16 14:27:58.872,ag_9719
1371161,,,2025-09-02 07:36:01.779,ag_12848
1371457,,,2025-09-02 07:36:01.779,ag_5554
1388731,Dave,,2025-09-13 00:00:00.371,ag_3256
1244066,Mark,,2025-08-24 00:00:01.715,ag_13806
588927,Anas Kourtidis,,2025-06-16 14:27:58.872,ag_10618
588883,Brian Dorey,,2025-06-16 14:27:58.872,ag_9187
1370764,,,2025-09-02 07:36:01.779,ag_8856
1371600,The Urban Unit,,2025-09-02 07:36:01.779,ag_14808
1370917,ChrisH,,2025-09-02 07:36:01.779,ag_16959
588992,Airgradient,,2025-06-16 14:27:58.872,ag_12622
1370834,,,2025-09-02 07:36:01.779,ag_1733
1370444,,,2025-09-02 07:36:01.779,ag_12237
588520,Downtown Montclair,,2025-06-16 14:27:58.872,ag_9908
1371742,,,2025-09-02 07:36:01.779,ag_3140
914414,MRMC,,2025-07-29 09:10:01.905,ag_15928
1370898,,,2025-09-02 07:36:01.779,ag_3882
1021871,Ryan,,2025-08-07 00:00:01.825,ag_16349
588558,Brad,,2025-06-16 14:27:58.872,ag_7270
588725,PersonalAirGradient,,2025-06-16 14:27:58.872,ag_8664
589058,Greg,,2025-06-16 14:27:58.872,ag_5082
1370602,,,2025-09-02 07:36:01.779,ag_10024
1371390,LWDH,,2025-09-02 07:36:01.779,ag_15865
588707,Jay,,2025-06-16 14:27:58.872,ag_10760
1371172,Ripley,,2025-09-02 07:36:01.779,ag_12979
1370471,,,2025-09-02 07:36:01.779,ag_1910
1401291,Eric,,2025-09-21 00:00:01.675,ag_15730
589012,Nieuwegeljo,,2025-06-16 14:27:58.872,ag_5480
588998,SW,,2025-06-16 14:27:58.872,ag_4230
1370915,,,2025-09-02 07:36:01.779,ag_6637
1191952,BLP,,2025-08-20 00:00:01.643,ag_17091
589043,DFS,,2025-06-16 14:27:58.872,ag_7974
588669,Ulairi,,2025-06-16 14:27:58.872,ag_14016
588598,Gabbar,,2025-06-16 14:27:58.872,ag_9500
588848,M cross,,2025-06-16 14:27:58.872,ag_11644
1371090,,,2025-09-02 07:36:01.779,ag_4449
1371775,,,2025-09-02 07:36:01.779,ag_14373
929423,Parkside Village 12049,,2025-07-31 00:00:01.695,ag_6241
588648,Abid Hussain,,2025-06-16 14:27:58.872,ag_2601
588950,Parker County Neophyte Gardener ,,2025-06-16 14:27:58.872,ag_14371
1371639,,,2025-09-02 07:36:01.779,ag_16675
588548,DBACK,,2025-06-16 14:27:58.872,ag_5928
943564,Sandy,,2025-08-01 00:00:01.644,ag_16656
1371042,,,2025-09-02 07:36:01.779,ag_7673
1370542,,,2025-09-02 07:36:01.779,ag_3121
1401312,Jernau,,2025-09-21 00:00:01.675,ag_17932
1218147,Aidan ,,2025-08-22 00:00:01.681,ag_16785
589033,NJDEP Bureau of Air Monitoring,,2025-06-16 14:27:58.872,ag_15053
1370536,InlandIslander,,2025-09-02 07:36:01.779,ag_17419
1373942,Tim,,2025-09-04 00:00:01.754,ag_8968
588907,MD,,2025-06-16 14:27:58.872,ag_7329
914403,Shayne Sivley,,2025-07-29 09:10:01.905,ag_15905
914093,El Manor,,2025-07-29 09:10:01.905,ag_13273
588776,Cosmin Bontaș,,2025-06-16 14:27:58.872,ag_10623
1371465,kog,,2025-09-02 07:36:01.779,ag_12444
1370624,,,2025-09-02 07:36:01.779,ag_14085
913433,Tdemarchin,,2025-07-29 09:10:01.905,ag_6912
1399706,Carrie,,2025-09-20 00:00:01.747,ag_17898
588722,Baseball,,2025-06-16 14:27:58.872,ag_3192
1370964,,,2025-09-02 07:36:01.779,ag_2479
1371534,Justin,,2025-09-02 07:36:01.779,ag_16318
588905,GK,,2025-06-16 14:27:58.872,ag_6302
1371005,Yahya Alarfaj,,2025-09-02 07:36:01.779,ag_9156
588711,David Néel,,2025-06-16 14:27:58.872,ag_5269
1371615,,,2025-09-02 07:36:01.779,ag_11215
588955,Catalin,,2025-06-16 14:27:58.872,ag_9743
588526,Video Walrus,,2025-06-16 14:27:58.872,ag_9101
588626,PG,,2025-06-16 14:27:58.872,ag_6922
588803,G Fire,,2025-06-16 14:27:58.872,ag_6167
588960,Wes,,2025-06-16 14:27:58.872,ag_9709
1381333,derobert,,2025-09-09 00:00:01.749,ag_17524
1389709,Dave M,,2025-09-14 00:00:04.355,ag_17697
588988,T,,2025-06-16 14:27:58.872,ag_7030
1370702,J,,2025-09-02 07:36:01.779,ag_17157
1371170,The Urban Unit,,2025-09-02 07:36:01.779,ag_14856
913902,Airscape Fans Inc.,,2025-07-29 09:10:01.905,ag_11651
588596,Matteo,,2025-06-16 14:27:58.872,ag_9810
588909,Musche,,2025-06-16 14:27:58.872,ag_6807
1370575,,,2025-09-02 07:36:01.779,ag_2500
588908,Mayaan,,2025-06-16 14:27:58.872,ag_8933
588633,ECAGP,,2025-06-16 14:27:58.872,ag_8244
588706,Matt Hannan,,2025-06-16 14:27:58.872,ag_15062
588875,Puzi,,2025-06-16 14:27:58.872,ag_11029
1371687,MR,,2025-09-02 07:36:01.779,ag_17026
1371699,,,2025-09-02 07:36:01.779,ag_4904
1371670,,,2025-09-02 07:36:01.779,ag_13674
588533,Ggg,,2025-06-16 14:27:58.872,ag_3128
1370429,,,2025-09-02 07:36:01.779,ag_16252
1376101,bootc,,2025-09-05 00:00:01.644,ag_17489
588929,Okwong John Walter ,,2025-06-16 14:27:58.872,ag_9939
1371419,,,2025-09-02 07:36:01.779,ag_11528
1371541,,,2025-09-02 07:36:01.779,ag_2542
1371223,swamphag,,2025-09-02 07:36:01.779,ag_15608
588597,Leonardo,,2025-06-16 14:27:58.872,ag_10268
588539,Anna D,,2025-06-16 14:27:58.872,ag_6826
1370787,bles,https://bles.tech,2025-09-02 07:36:01.779,ag_8045
1370565,,,2025-09-02 07:36:01.779,ag_3080
588730,Mellor Park,,2025-06-16 14:27:58.872,ag_12811
588610,GH,,2025-06-16 14:27:58.872,ag_8514
1370391,,,2025-09-02 07:36:01.779,ag_9119
1370586,,,2025-09-02 07:36:01.779,ag_4679
1382401,Aspenleaf,,2025-09-09 00:00:01.749,ag_17592
1370354,,,2025-09-02 07:36:01.779,ag_490
1371113,,,2025-09-02 07:36:01.779,ag_4078
1371485,,,2025-09-02 07:36:01.779,ag_14674
589020,LGA,,2025-06-16 14:27:58.872,ag_2435
588912,Lizzie AQI,,2025-06-16 14:27:58.872,ag_11152
1370546,,,2025-09-02 07:36:01.779,ag_14792
588634,Bismarck Navarro,,2025-06-16 14:27:58.872,ag_4247
1370510,,,2025-09-02 07:36:01.779,ag_8203
1383399,,,2025-09-10 00:00:12.932,ag_17123
1008366,TimBee,,2025-08-06 00:00:01.656,ag_13340
1371080,,,2025-09-02 07:36:01.779,ag_9649
1371494,Bernd,,2025-09-02 07:36:01.779,ag_13742
588745,W0lfp4ck Guns and Ammo,,2025-06-16 14:27:58.872,ag_11257
930544,Newflower ,,2025-07-31 00:00:01.695,ag_6703
1370942,,,2025-09-02 07:36:01.779,ag_9528
1370673,,,2025-09-02 07:36:01.779,ag_3491
1370851,,,2025-09-02 07:36:01.779,ag_3510
588918,MK,,2025-06-16 14:27:58.872,ag_14078
1371185,,,2025-09-02 07:36:01.779,ag_11339
1371785,,,2025-09-02 07:36:01.779,ag_10769
1371261,,,2025-09-02 07:36:01.779,ag_1746
1370539,Phil,,2025-09-02 07:36:01.779,ag_16884
1370968,KN6TLE,,2025-09-02 07:36:01.779,ag_13801
589013,Paleolithic_QAIR,,2025-06-16 14:27:58.872,ag_2493
1370347,,,2025-09-02 07:36:01.779,ag_5358
1370543,,,2025-09-02 07:36:01.779,ag_6881
1371004,Max,,2025-09-02 07:36:01.779,ag_9749
588983,WPT,,2025-06-16 14:27:58.872,ag_9279
1388933,,,2025-09-13 00:00:00.371,ag_17678
1371356,Jason R,,2025-09-02 07:36:01.779,ag_9865
1371418,Athanasia N.,,2025-09-02 07:36:01.779,ag_11875
1371407,,,2025-09-02 07:36:01.779,ag_6421
1371358,,,2025-09-02 07:36:01.779,ag_12001
588854,Alex,,2025-06-16 14:27:58.872,ag_13144
1370379,holleyk,,2025-09-02 07:36:01.779,ag_15465
1370562,,,2025-09-02 07:36:01.779,ag_509
1370406,,,2025-09-02 07:36:01.779,ag_3594
1309430,Markus,,2025-08-29 00:00:01.645,ag_17300
588545,AirGradient NEO,,2025-06-16 14:27:58.872,ag_7132
1377227,,,2025-09-06 00:00:01.653,ag_16974
1359089,Kolboske,,2025-09-02 00:00:01.623,ag_11637
1371032,JamesH,,2025-09-02 07:36:01.779,ag_4355
588840,Tai D.,,2025-06-16 14:27:58.872,ag_13931
1370761,,,2025-09-02 07:36:01.779,ag_11733
1370470,Jacob,,2025-09-02 07:36:01.779,ag_13581
1372391,Laurent,,2025-09-03 00:00:01.787,ag_14642
1370831,shiftedground,,2025-09-02 07:36:01.779,ag_9588
1178819,Billywizz,,2025-08-19 00:00:01.750,ag_17029
914079,Oren,,2025-07-29 09:10:01.905,ag_13088
1370549,,,2025-09-02 07:36:01.779,ag_2200
588906,brrrendan,,2025-06-16 14:27:58.872,ag_7432
1370526,,,2025-09-02 07:36:01.779,ag_2129
1370405,,,2025-09-02 07:36:01.779,ag_4627
588753,Shawn Ennis,,2025-06-16 14:27:58.872,ag_12244
1283616,Based,,2025-08-27 00:00:01.722,ag_17243
1385225,,,2025-09-11 00:00:01.656,ag_8215
1371082,Simon,,2025-09-02 07:36:01.779,ag_7921
1205086,Tom Thweatt,,2025-08-21 00:00:01.682,ag_17015
588948,Neoshjo,,2025-06-16 14:27:58.872,ag_1682
1371326,,,2025-09-02 07:36:01.779,ag_6361
1371544,,,2025-09-02 07:36:01.779,ag_11647
1371274,mvicari,,2025-09-02 07:36:01.779,ag_15800
1370869,,,2025-09-02 07:36:01.779,ag_2389
1205100,Missouri - Hillsboro,,2025-08-21 00:00:01.682,ag_17111
1370355,,,2025-09-02 07:36:01.779,ag_16918
588650,Peter Andersen,,2025-06-16 14:27:58.872,ag_5620
1386754,Altertek,https://altertek.org,2025-09-12 00:00:01.686,ag_17610
1371604,,,2025-09-02 07:36:01.779,ag_12234
1370397,,,2025-09-02 07:36:01.779,ag_5543
914477,Pampa Pinuer,,2025-07-29 09:10:01.905,ag_16561
1370780,Greg,,2025-09-02 07:36:01.779,ag_13694
1371174,,,2025-09-02 07:36:01.779,ag_6084
1371084,,,2025-09-02 07:36:01.779,ag_5569
588699,Patrick,,2025-06-16 14:27:58.872,ag_7871
914437,Alejandro Piracoca Mayorga ,,2025-07-29 09:10:01.905,ag_16003
588949,RC,,2025-06-16 14:27:58.872,ag_1825
588732,Sustenta Honduras,https://sustentahonduras.org/,2025-06-16 14:27:58.872,ag_10367
1396609,Timea Kiss,,2025-09-18 00:00:01.628,ag_17827
588637,René Kost,,2025-06-16 14:27:58.872,ag_12430
588675,The Urban Unit,,2025-06-16 14:27:58.872,ag_14851
1370923,,,2025-09-02 07:36:01.779,ag_7788
1370800,,,2025-09-02 07:36:01.779,ag_3205
588749,GavinS,,2025-06-16 14:27:58.872,ag_8399
588977,Redshift,,2025-06-16 14:27:58.872,ag_10124
588974,Kalle,,2025-06-16 14:27:58.872,ag_11143
1370715,,,2025-09-02 07:36:01.779,ag_2031
588990,Airgradient Outdoor User,,2025-06-16 14:27:58.872,ag_2433
1371298,,,2025-09-02 07:36:01.779,ag_784
1370573,,,2025-09-02 07:36:01.779,ag_7644
588973,,,2025-06-16 14:27:58.872,ag_17205
588644,Brad Ford,,2025-06-16 14:27:58.872,ag_12184
588824,Jonathan Callahan,,2025-06-16 14:27:58.872,ag_9505
1380537,,,2025-09-08 00:00:01.736,ag_2589
1371447,,,2025-09-02 07:36:01.779,ag_14801
1370821,"Max  34.713528, 33.177984",,2025-09-02 07:36:01.779,ag_15353
914434,Matexplora,,2025-07-29 09:10:01.905,ag_16032
1371265,Techie,,2025-09-02 07:36:01.779,ag_7864
1371180,,,2025-09-02 07:36:01.779,ag_7828
588542,Mark Lewis,,2025-06-16 14:27:58.872,ag_12536
1370860,Kerecseny ,,2025-09-02 07:36:01.779,ag_17413
588584,Glasken,,2025-06-16 14:27:58.872,ag_6702
1370619,,,2025-09-02 07:36:01.779,ag_12809
1383643,Markus ,,2025-09-10 00:00:12.932,ag_17152
588863,Smith6612,,2025-06-16 14:27:58.872,ag_6319
1370621,,,2025-09-02 07:36:01.779,ag_2335
1371652,,,2025-09-02 07:36:01.779,ag_16366
1371708,,,2025-09-02 07:36:01.779,ag_2692
1371414,,,2025-09-02 07:36:01.779,ag_6608
1371151,Alastair Smith,,2025-09-02 07:36:01.779,ag_17376
1073847,Beth,,2025-08-11 00:00:01.675,ag_8651
588816,Eric,,2025-06-16 14:27:58.872,ag_234
914428,mk,,2025-07-29 09:10:01.905,ag_16009
588630,Shane Riddell,,2025-06-16 14:27:58.872,ag_8013
1371373,,,2025-09-02 07:36:01.779,ag_14723
1371814,,,2025-09-02 07:36:01.779,ag_10835
1371731,,,2025-09-02 07:36:01.779,ag_6900
588561,Odonata,,2025-06-16 14:27:58.872,ag_5199
588953,Holzhaussiedlung,,2025-06-16 14:27:58.872,ag_9534
588798,Siavonga Harbour 1,,2025-06-16 14:27:58.872,ag_8325
588574,Ginger,,2025-06-16 14:27:58.872,ag_11492
1205101,J8Y1H3,,2025-08-21 00:00:01.682,ag_17116
588741,luckylux,,2025-06-16 14:27:58.872,ag_9312
1370807,,,2025-09-02 07:36:01.779,ag_3286
588624,Butch Cassidy,,2025-06-16 14:27:58.872,ag_7386
1191950,Sidac,,2025-08-20 00:00:01.643,ag_17071
588867,Joren,,2025-06-16 14:27:58.872,ag_12440
1371712,Norman,,2025-09-02 07:36:01.779,ag_6639
588959,Roger,,2025-06-16 14:27:58.872,ag_15164
914466,WEERHAAS,,2025-07-29 09:10:01.905,ag_16371
1370743,AB,,2025-09-02 07:36:01.779,ag_11170
1371187,drluz,,2025-09-02 07:36:01.779,ag_16087
1371797,,,2025-09-02 07:36:01.779,ag_12394
1370599,,,2025-09-02 07:36:01.779,ag_1853
1371228,Snah,,2025-09-02 07:36:01.779,ag_13051
1370817,Radu,,2025-09-02 07:36:01.779,ag_8183
1383589,,,2025-09-10 00:00:12.932,ag_4699
1374264,John H,,2025-09-04 00:00:01.754,ag_6859
588989,Juan Carlos,,2025-06-16 14:27:58.872,ag_9056
588670,Brentwood-la,,2025-06-16 14:27:58.872,ag_12199
1371303,,,2025-09-02 07:36:01.779,ag_6518
1034925,IIMA Ventures,,2025-08-08 00:00:01.639,ag_16201
1370950,,,2025-09-02 07:36:01.779,ag_2543
913884,Roman,,2025-07-29 09:10:01.905,ag_11626
1370757,Springs,,2025-09-02 07:36:01.779,ag_13284
588780,Coulthard/Henry,,2025-06-16 14:27:58.872,ag_12915
1371071,,,2025-09-02 07:36:01.779,ag_16691
914269,ENVIRO EXCELTECH SDN BHD,https://smstsp.edu.my/,2025-07-29 09:10:01.905,ag_15180
1371003,,,2025-09-02 07:36:01.779,ag_9463
588639,Critical Tinkerer,,2025-06-16 14:27:58.872,ag_11102
1371273,,,2025-09-02 07:36:01.779,ag_2249
1371357,,,2025-09-02 07:36:01.779,ag_5219
588583,Paul H.,,2025-06-16 14:27:58.872,ag_15153
588678,"4221 Rolling Gate",,2025-06-16 14:27:58.872,ag_15316
588528,Steve,,2025-06-16 14:27:58.872,ag_7635
1370558,Anonymous,,2025-09-02 07:36:01.779,ag_7470
1371518,,,2025-09-02 07:36:01.779,ag_476
1370578,Tom,,2025-09-02 07:36:01.779,ag_11130
588968,Vic,,2025-06-16 14:27:58.872,ag_9999
1371055,,,2025-09-02 07:36:01.779,ag_12497
588866,Picardy,,2025-06-16 14:27:58.872,ag_7742
1371177,,,2025-09-02 07:36:01.779,ag_8510
1370901,,,2025-09-02 07:36:01.779,ag_6506
1370635,,,2025-09-02 07:36:01.779,ag_2724
1371684,Jerrybacsi,,2025-09-02 07:36:01.779,ag_14593
1371104,,,2025-09-02 07:36:01.779,ag_11157
588808,Sonairte OpenAir Project,,2025-06-16 14:27:58.872,ag_3102
1371558,Josh W,,2025-09-02 07:36:01.779,ag_14303
1371488,,,2025-09-02 07:36:01.779,ag_13464
1387868,A.S.,,2025-09-13 00:00:00.371,ag_10126
588972,S&J,,2025-06-16 14:27:58.872,ag_10873
588828,gregshep,,2025-06-16 14:27:58.872,ag_2824
1370640,Adam | YouTube: @dadshobbies3723,https://www.youtube.com/@dadshobbies3723/featured,2025-09-02 07:36:01.779,ag_13288
589044,Whoops,,2025-06-16 14:27:58.872,ag_15010
588681,ISB,,2025-06-16 14:27:58.872,ag_11
914461,Ben Franske,,2025-07-29 09:10:01.905,ag_15842
1370979,,,2025-09-02 07:36:01.779,ag_11507
1296516,moho,,2025-08-28 00:00:01.650,ag_17258
914454,Bjorn,,2025-07-29 09:10:01.905,ag_16216
1370823,Agent38,,2025-09-02 07:36:01.779,ag_12408
1370603,,,2025-09-02 07:36:01.779,ag_2840
588568,Ben W,,2025-06-16 14:27:58.872,ag_7288
1371087,Anonymous,,2025-09-02 07:36:01.779,ag_12369
589006,Sesivany,,2025-06-16 14:27:58.872,ag_11709
1371550,,,2025-09-02 07:36:01.779,ag_6248
914419,Frank Harper,,2025-07-29 09:10:01.905,ag_8984
1358123,:p,,2025-09-02 00:00:01.623,ag_8825
913628,David,,2025-07-29 09:10:01.905,ag_17097
1370381,,,2025-09-02 07:36:01.779,ag_14687
1370482,,,2025-09-02 07:36:01.779,ag_12587
1139399,Gabriel Epuyao,,2025-08-16 00:00:01.823,ag_11765
1371047,,,2025-09-02 07:36:01.779,ag_4889
914354,sjthespian,,2025-07-29 09:10:01.905,ag_15739
588688,Anonymous,,2025-06-16 14:27:58.872,ag_15598
588608,Mr. Freeze,,2025-06-16 14:27:58.872,ag_11293
1371253,Soros Gyuri bácsi,,2025-09-02 07:36:01.779,ag_12869
1374036,Vinkuran,,2025-09-04 00:00:01.754,ag_17438
914382,RB,,2025-07-29 09:10:01.905,ag_7701
1370896,C,,2025-09-02 07:36:01.779,ag_12659
588796,G Dale,,2025-06-16 14:27:58.872,ag_6436
1386866,Home,,2025-09-12 00:00:01.686,ag_17657
1371058,,,2025-09-02 07:36:01.779,ag_8373
588777,Felix and Gene,,2025-06-16 14:27:58.872,ag_4943
588629,Milo,,2025-06-16 14:27:58.872,ag_12626
1371549,,,2025-09-02 07:36:01.779,ag_2597
1370857,,,2025-09-02 07:36:01.779,ag_7125
914447,Martin Rioux,,2025-07-29 09:10:01.905,ag_16116
1370380,,,2025-09-02 07:36:01.779,ag_4262
1370404,,,2025-09-02 07:36:01.779,ag_1358
1371588,,,2025-09-02 07:36:01.779,ag_2101
929695,greenlakeweatherguy,,2025-07-31 00:00:01.695,ag_8882
588846,Glenlyon Norfolk School,,2025-06-16 14:27:58.872,ag_4222
1371267,CD,,2025-09-02 07:36:01.779,ag_14730
1371068,,,2025-09-02 07:36:01.779,ag_2989
589057,Robert B. Mercer ,,2025-06-16 14:27:58.872,ag_9652
1370616,,,2025-09-02 07:36:01.779,ag_3908
914463,Paul,,2025-07-29 09:10:01.905,ag_8193
588592,gonsalwy,,2025-06-16 14:27:58.872,ag_15003
588519,Ray,,2025-06-16 14:27:58.872,ag_9565
589002,Clifford Knight,,2025-06-16 14:27:58.872,ag_14502
588823,kaikai.dev,,2025-06-16 14:27:58.872,ag_10952
1323085,MJ Martin,,2025-08-30 00:00:06.733,ag_17321
1371756,,,2025-09-02 07:36:01.779,ag_15870
588740,Thijs,,2025-06-16 14:27:58.872,ag_14105
1371215,Charlie,,2025-09-02 07:36:01.779,ag_10976
588656,SFF,,2025-06-16 14:27:58.872,ag_12676
588653,Michael n Mary,,2025-06-16 14:27:58.872,ag_8745
1371203,,,2025-09-02 07:36:01.779,ag_4578
1370971,Stan,,2025-09-02 07:36:01.779,ag_17268
588771,Oak View 93022,,2025-06-16 14:27:58.872,ag_4979
1374540,,,2025-09-04 00:00:01.754,ag_10851
1371362,,,2025-09-02 07:36:01.779,ag_4497
588604,var,,2025-06-16 14:27:58.872,ag_7336
1371176,Páll Bjarnason,,2025-09-02 07:36:01.779,ag_17041
588901,Hbaf,,2025-06-16 14:27:58.872,ag_4312
588617,"3DLabs - 3D printing services",,2025-06-16 14:27:58.872,ag_7724
588577,Shift iT,,2025-06-16 14:27:58.872,ag_14697
1371474,,,2025-09-02 07:36:01.779,ag_11030
1371637,,,2025-09-02 07:36:01.779,ag_4477
1370572,Anonymous,,2025-09-02 07:36:01.779,ag_7794
1370461,,,2025-09-02 07:36:01.779,ag_493
589041,sharkyb,,2025-06-16 14:27:58.872,ag_4231
1370675,,,2025-09-02 07:36:01.779,ag_15230
1371394,Ralf B.,,2025-09-02 07:36:01.779,ag_14533
1390324,,,2025-09-14 00:00:04.355,ag_12643
1370443,,,2025-09-02 07:36:01.779,ag_15235
1393959,,,2025-09-17 00:00:01.821,ag_3060
588985,Scotswolds Ltd,www.scotswolds.com,2025-06-16 14:27:58.872,ag_4792
1388310,,,2025-09-13 00:00:00.371,ag_17633
1370882,,,2025-09-02 07:36:01.779,ag_5237
1371019,,,2025-09-02 07:36:01.779,ag_17383
1373818,NicHenson,,2025-09-04 00:00:01.754,ag_3379
588515,Tsvetelin Pavlov,,2025-06-16 14:27:58.872,ag_11510
913543,"Portola Springs, Irvine",,2025-07-29 09:10:01.905,ag_7951
588835,Dug Dug,,2025-06-16 14:27:58.872,ag_9701
1370919,,,2025-09-02 07:36:01.779,ag_13083
1126263,Air specialist,,2025-08-15 00:00:01.665,ag_16929
1370994,,,2025-09-02 07:36:01.779,ag_11401
914475,Andrew Klekociuk,,2025-07-29 09:10:01.905,ag_16533
1296517,YIHogyun,,2025-08-28 00:00:01.650,ag_13533
914407,Marc,,2025-07-29 09:10:01.905,ag_15867
588606,LCF,,2025-06-16 14:27:58.872,ag_2042
1383326,Altair,,2025-09-10 00:00:12.932,ag_17616
588806,Olešnice,,2025-06-16 14:27:58.872,ag_9269
589054,Zalmhof,,2025-06-16 14:27:58.872,ag_7242
588981,Ru,,2025-06-16 14:27:58.872,ag_6865
1370694,,,2025-09-02 07:36:01.779,ag_16343
913611,BetterAirIsPossible,,2025-07-29 09:10:01.905,ag_8614
588861,BLev,,2025-06-16 14:27:58.872,ag_7469
917570,HT,,2025-07-30 00:00:01.727,ag_13094
1371271,Andy,,2025-09-02 07:36:01.779,ag_6370
914178,jroncero,,2025-07-29 09:10:01.905,ag_14432
1323078,Mt Norquay,,2025-08-30 00:00:06.733,ag_17289
588843,Communities Against Pollution (CAP),https://cap-mzansi.com/airgradient-map/,2025-06-16 14:27:58.872,ag_1235
588791,"Clean Air LA 1 34.09986° N, -118.32116° W",,2025-06-16 14:27:58.872,ag_13494
1370822,,,2025-09-02 07:36:01.779,ag_16689
588615,Andy Doncaster,,2025-06-16 14:27:58.872,ag_7836
1370840,,,2025-09-02 07:36:01.779,ag_4698
1371500,,,2025-09-02 07:36:01.779,ag_12207
1370455,,,2025-09-02 07:36:01.779,ag_3772
588904,catejust,,2025-06-16 14:27:58.872,ag_13992
588774,dine_far,,2025-06-16 14:27:58.872,ag_3541
1371238,,,2025-09-02 07:36:01.779,ag_6465
588673,DigitalKloc,,2025-06-16 14:27:58.872,ag_4641
1378420,Clean Energy Nepal (CEN),,2025-09-07 00:00:01.687,ag_16978
1371777,Sun Valley Estates,,2025-09-02 07:36:01.779,ag_12570
588585,Michael Harley,,2025-06-16 14:27:58.872,ag_6576
1382264,AlexLester,,2025-09-09 00:00:01.749,ag_17584
589035,Flack,,2025-06-16 14:27:58.872,ag_14876
1385229,St. Joseph's Convent POS,,2025-09-11 00:00:01.656,ag_16208
588534,Nick Kiest,,2025-06-16 14:27:58.872,ag_8627
1370805,,,2025-09-02 07:36:01.779,ag_14729
588947,phhhfft,,2025-06-16 14:27:58.872,ag_5385
1370617,Remi,,2025-09-02 07:36:01.779,ag_12995
1370794,,,2025-09-02 07:36:01.779,ag_8979
1370372,Cape May Court House Hospital,,2025-09-02 07:36:01.779,ag_16000
914314,Gen Na Di Milin,,2025-07-29 09:10:01.905,ag_15473
1370425,,,2025-09-02 07:36:01.779,ag_11977
589036,No one ,,2025-06-16 14:27:58.872,ag_11364
1403285,,,2025-09-22 00:00:01.724,ag_17951
588873,Roflcopter,,2025-06-16 14:27:58.872,ag_6907
1371440,Anonymous,,2025-09-02 07:36:01.779,ag_14859
1370863,Talsu novads,,2025-09-02 07:36:01.779,ag_12796
1370535,,,2025-09-02 07:36:01.779,ag_1809
1371553,,,2025-09-02 07:36:01.779,ag_1875
1388615,Wado Air Measurenent,,2025-09-13 00:00:00.371,ag_17674
588937,AirSync,,2025-06-16 14:27:58.872,ag_11356
1370412,,,2025-09-02 07:36:01.779,ag_16939
1389637,Giuse,,2025-09-14 00:00:04.355,ag_12387
1371521,,,2025-09-02 07:36:01.779,ag_15982
1371296,MrSupp,,2025-09-02 07:36:01.779,ag_12784
1371466,,,2025-09-02 07:36:01.779,ag_4328
1370931,DJJ,,2025-09-02 07:36:01.779,ag_15636
1370513,,,2025-09-02 07:36:01.779,ag_17242
588735,Mark T,,2025-06-16 14:27:58.872,ag_15167
588609,Awassa,,2025-06-16 14:27:58.872,ag_12361
588775,Olaf,,2025-06-16 14:27:58.872,ag_6181
914469,Tony Pedretti,,2025-07-29 09:10:01.905,ag_15986
1371017,,,2025-09-02 07:36:01.779,ag_13187
589040,WeatherMike,https://www.weathermike.com,2025-06-16 14:27:58.872,ag_8181
1370489,,,2025-09-02 07:36:01.779,ag_9562
588521,CraftCulture,craftculture,2025-06-16 14:27:58.872,ag_14520
1371694,,,2025-09-02 07:36:01.779,ag_9992
1371795,Ritchy,,2025-09-02 07:36:01.779,ag_14927
1372782,,,2025-09-03 00:00:01.787,ag_5216
1371256,Jeff ,,2025-09-02 07:36:01.779,ag_17371
588849,Nūrjan Ädılūly,almaty,2025-06-16 14:27:58.872,ag_9489
588612,TeleCrowd,,2025-06-16 14:27:58.872,ag_8924
1370544,,,2025-09-02 07:36:01.779,ag_1960
914319,Urban Studies Lab,,2025-07-29 09:10:01.905,ag_15249
1370428,,,2025-09-02 07:36:01.779,ag_430
1371469,,,2025-09-02 07:36:01.779,ag_7947
1370832,,,2025-09-02 07:36:01.779,ag_1911
1047980,VerbalP,,2025-08-09 00:00:01.632,ag_7202
1371506,Yuliia Yukhymchuk,,2025-09-02 07:36:01.779,ag_16217
1371690,,,2025-09-02 07:36:01.779,ag_9355
588662,Alex L,,2025-06-16 14:27:58.872,ag_10770
588819,Greg W,,2025-06-16 14:27:58.872,ag_10030
1400091,,,2025-09-20 00:00:01.747,ag_6658
588587,Giltspur,,2025-06-16 14:27:58.872,ag_11239
1370980,,,2025-09-02 07:36:01.779,ag_2222
1371566,Jojonintendo,,2025-09-02 07:36:01.779,ag_16961
1370725,JerryMcC,,2025-09-02 07:36:01.779,ag_14722
1371768,Steve,,2025-09-02 07:36:01.779,ag_7659
588961,Don Madden,,2025-06-16 14:27:58.872,ag_7536
1370778,Saigon South International School,,2025-09-02 07:36:01.779,ag_7490
1371453,Atemluft.net,,2025-09-02 07:36:01.779,ag_15415
1371315,,,2025-09-02 07:36:01.779,ag_16181
1370690,FireGolf,,2025-09-02 07:36:01.779,ag_14802
588667,Maiha Hameed,,2025-06-16 14:27:58.872,ag_7811
588995,PM,,2025-06-16 14:27:58.872,ag_7498
1371137,,,2025-09-02 07:36:01.779,ag_2153
1370903,,,2025-09-02 07:36:01.779,ag_8212
1370872,,,2025-09-02 07:36:01.779,ag_6905
1371308,,,2025-09-02 07:36:01.779,ag_2455
588579,"Worcester UK, Copsewood Avenue",,2025-06-16 14:27:58.872,ag_7866
588717,Citizen237,,2025-06-16 14:27:58.872,ag_9080
588674,Michael,,2025-06-16 14:27:58.872,ag_11928
1370707,,,2025-09-02 07:36:01.779,ag_2614
1371746,,,2025-09-02 07:36:01.779,ag_3027
1073970,Scott B,,2025-08-11 00:00:01.675,ag_16862
917378,Airscan Malaysia,,2025-07-30 00:00:01.727,ag_14605
1370587,,,2025-09-02 07:36:01.779,ag_3381
1371279,,,2025-09-02 07:36:01.779,ag_8810
588852,Stevensbeek,,2025-06-16 14:27:58.872,ag_10915
588601,Shaun,,2025-06-16 14:27:58.872,ag_7851
588910,RB Power Design,https://rbpowerdesign.com/,2025-06-16 14:27:58.872,ag_11112
994377,anonymous,,2025-08-05 00:00:01.659,ag_4424
1370904,,,2025-09-02 07:36:01.779,ag_3332
588631,Да дишаш или да не дишаш?,,2025-06-16 14:27:58.872,ag_9016
1371636,John,,2025-09-02 07:36:01.779,ag_15877
1371676,,,2025-09-02 07:36:01.779,ag_2843
588522,Jogibaer,,2025-06-16 14:27:58.872,ag_10755
589061,Hurt VA,,2025-06-16 14:27:58.872,ag_5348
1370577,,,2025-09-02 07:36:01.779,ag_2231
1371074,,,2025-09-02 07:36:01.779,ag_15751
1370631,,,2025-09-02 07:36:01.779,ag_14650
1370509,Cole Brodine,,2025-09-02 07:36:01.779,ag_12367
1370991,,,2025-09-02 07:36:01.779,ag_3305
588898,Bernd,,2025-06-16 14:27:58.872,ag_16797
1370601,,,2025-09-02 07:36:01.779,ag_4265
1371683,,,2025-09-02 07:36:01.779,ag_2480
588838,Neighbor,,2025-06-16 14:27:58.872,ag_13055
588954,Sebastian,,2025-06-16 14:27:58.872,ag_6177
1388679,The International School of Monaco,,2025-09-13 00:00:00.371,ag_17048
1370408,,,2025-09-02 07:36:01.779,ag_3417
1370670,,,2025-09-02 07:36:01.779,ag_12885
588869,Stephen,,2025-06-16 14:27:58.872,ag_6789
914436,japanmwl,,2025-07-29 09:10:01.905,ag_16056
1370741,,,2025-09-02 07:36:01.779,ag_1591
588628,John Adams Library of Arrowsmith,,2025-06-16 14:27:58.872,ag_13713
589031,Mountain Mining,,2025-06-16 14:27:58.872,ag_10778
1370978,Magi,,2025-09-02 07:36:01.779,ag_16102
588555,Weather Environment Hovel,https://www.iqair.com/profile/nnnohgz6u,2025-06-16 14:27:58.872,ag_13213
588888,ElectricWeasel,,2025-06-16 14:27:58.872,ag_9178
589019,AIr1,,2025-06-16 14:27:58.872,ag_9109
1371537,,,2025-09-02 07:36:01.779,ag_2499
1371166,,,2025-09-02 07:36:01.779,ag_14527
1370518,,,2025-09-02 07:36:01.779,ag_10768
1371783,,,2025-09-02 07:36:01.779,ag_7514
1371316,,,2025-09-02 07:36:01.779,ag_4283
1370401,,,2025-09-02 07:36:01.779,ag_6940
1371412,,,2025-09-02 07:36:01.779,ag_5583
1370568,,,2025-09-02 07:36:01.779,ag_9506
1378494,,,2025-09-07 00:00:01.687,ag_8955
1371299,,,2025-09-02 07:36:01.779,ag_15101
1371225,,,2025-09-02 07:36:01.779,ag_2407
1371197,,,2025-09-02 07:36:01.779,ag_5992
1370636,,,2025-09-02 07:36:01.779,ag_279
1371704,,,2025-09-02 07:36:01.779,ag_6287
1370739,,,2025-09-02 07:36:01.779,ag_3103
1371121,,,2025-09-02 07:36:01.779,ag_1282
588713,rmamer,mamer.cs.sonoma.edu,2025-06-16 14:27:58.872,ag_12438
1371428,The Urban Unit,,2025-09-02 07:36:01.779,ag_14854
1371759,,,2025-09-02 07:36:01.779,ag_5859
589055,Sortemosevej,,2025-06-16 14:27:58.872,ag_12041
588530,Kratax,,2025-06-16 14:27:58.872,ag_11171
1371243,,,2025-09-02 07:36:01.779,ag_13710
1371233,,,2025-09-02 07:36:01.779,ag_10655
1371260,,,2025-09-02 07:36:01.779,ag_8191
1370836,,,2025-09-02 07:36:01.779,ag_15773
588553,Airbag888,,2025-06-16 14:27:58.872,ag_11075
588876,P8Burns,,2025-06-16 14:27:58.872,ag_12646
1371162,,,2025-09-02 07:36:01.779,ag_6656
1346167,SaltaMarges,,2025-09-01 00:00:02.637,ag_17386
1371741,Graham,,2025-09-02 07:36:01.779,ag_9026
1372172,,,2025-09-03 00:00:01.787,ag_1832
588786,The Jansky's,,2025-06-16 14:27:58.872,ag_14097
914344,THABO HOSPITAL - โรงพยาบาลสมเด็จพระยุพราชท่าบ่อ,,2025-07-29 09:10:01.905,ag_15708
1370740,John Y,,2025-09-02 07:36:01.779,ag_8231
588523,TD,,2025-06-16 14:27:58.872,ag_11993
588902,Richard Seiter,,2025-06-16 14:27:58.872,ag_11205
1387365,Sundance Lake,,2025-09-12 00:00:01.686,ag_16552
914479,OCP,,2025-07-29 09:10:01.905,ag_16616
1370859,,,2025-09-02 07:36:01.779,ag_7688
1371384,,,2025-09-02 07:36:01.779,ag_6723
588518,Dr. Sean Chang,,2025-06-16 14:27:58.872,ag_9553
1370921,,,2025-09-02 07:36:01.779,ag_7973
1370833,,,2025-09-02 07:36:01.779,ag_491
1296515,Krasnoyarsk,,2025-08-28 00:00:01.650,ag_17124
1371131,Derek,,2025-09-02 07:36:01.779,ag_11260
588864,Peter Guo,,2025-06-16 14:27:58.872,ag_9
588911,Istar,,2025-06-16 14:27:58.872,ag_14394
1218148,James Snyder,,2025-08-22 00:00:01.681,ag_17134
588807,Kevin,,2025-06-16 14:27:58.872,ag_8923
1386870,KINAQ Huilleries,,2025-09-12 00:00:01.686,ag_5270
1370824,M,,2025-09-02 07:36:01.779,ag_11142
1370999,,,2025-09-02 07:36:01.779,ag_4649
589042,Andre Lavoie,,2025-06-16 14:27:58.872,ag_12281
914404,JEK,,2025-07-29 09:10:01.905,ag_9271
588694,AB,,2025-06-16 14:27:58.872,ag_16778
1371626,,,2025-09-02 07:36:01.779,ag_3894
1370909,CleanAirSurb,,2025-09-02 07:36:01.779,ag_16537
1371297,,,2025-09-02 07:36:01.779,ag_7847
1370533,m3ki,,2025-09-02 07:36:01.779,ag_15885
588820,Concerned citizen,,2025-06-16 14:27:58.872,ag_7671
1371610,,,2025-09-02 07:36:01.779,ag_12168
588810,aidrini,,2025-06-16 14:27:58.872,ag_8827
1371245,,,2025-09-02 07:36:01.779,ag_3987
1371289,,,2025-09-02 07:36:01.779,ag_4564
1100197,Miles,,2025-08-13 00:00:01.709,ag_16921
1370701,,,2025-09-02 07:36:01.779,ag_6578
588857,W,,2025-06-16 14:27:58.872,ag_8814
1371142,,,2025-09-02 07:36:01.779,ag_2351
588934,Christian,,2025-06-16 14:27:58.872,ag_11474
589021,"Department of Meteorology, University of Reading",,2025-06-16 14:27:58.872,ag_13635
588527,TWFIT,,2025-06-16 14:27:58.872,ag_8336
1370389,Ozone,,2025-09-02 07:36:01.779,ag_17254
588701,mintaka,,2025-06-16 14:27:58.872,ag_9833
1371788,,,2025-09-02 07:36:01.779,ag_1968
588967,EarthLab,,2025-06-16 14:27:58.872,ag_13701
1371002,Patrick M,,2025-09-02 07:36:01.779,ag_17110
588856,Crown East ,,2025-06-16 14:27:58.872,ag_14340
588930,Echo Park Garden,,2025-06-16 14:27:58.872,ag_13135
1370742,,,2025-09-02 07:36:01.779,ag_16023
588946,GRL_CAU,,2025-06-16 14:27:58.872,ag_4595
1370811,,,2025-09-02 07:36:01.779,ag_2562
1371702,,,2025-09-02 07:36:01.779,ag_2170
1397038,Shahms,,2025-09-18 00:00:01.628,ag_17845
588659,Ethan Brooke,,2025-06-16 14:27:58.872,ag_3156
1370837,,,2025-09-02 07:36:01.779,ag_17160
914453,NTBC,,2025-07-29 09:10:01.905,ag_15469
1371175,,,2025-09-02 07:36:01.779,ag_14366
1371589,,,2025-09-02 07:36:01.779,ag_6
914381,Rozendal,,2025-07-29 09:10:01.905,ag_15832
1370396,,,2025-09-02 07:36:01.779,ag_17239
913075,A K,,2025-07-29 09:10:01.905,ag_2568
1371408,,,2025-09-02 07:36:01.779,ag_17377
1370772,,,2025-09-02 07:36:01.779,ag_16737
1371101,Good Work,,2025-09-02 07:36:01.779,ag_8760
1370604,SimeOs,,2025-09-02 07:36:01.779,ag_17283
1370841,The Urban Unit,,2025-09-02 07:36:01.779,ag_14850
1371752,,,2025-09-02 07:36:01.779,ag_4086
1371193,John M,,2025-09-02 07:36:01.779,ag_15936
1370440,,,2025-09-02 07:36:01.779,ag_4604
1323079,"WEP/DH360 Air Quality Monitoring Station, Abuja.",,2025-08-30 00:00:06.733,ag_17294
588691,Gaius Gracchus,,2025-06-16 14:27:58.872,ag_7629
1370767,,,2025-09-02 07:36:01.779,ag_9494
589034,Saint jean de linière ,,2025-06-16 14:27:58.872,ag_4638
1060082,Bart,,2025-08-10 00:00:01.689,ag_9721
588552, ,,2025-06-16 14:27:58.872,ag_9122
1371450,,,2025-09-02 07:36:01.779,ag_4280
1371155,,,2025-09-02 07:36:01.779,ag_7670
914383,Brian Dowdell,,2025-07-29 09:10:01.905,ag_15847
1371066,The Urban Unit,,2025-09-02 07:36:01.779,ag_14855
1373164,,,2025-09-03 00:00:01.787,ag_16812
1371117,,,2025-09-02 07:36:01.779,ag_2420
588635,Anon,,2025-06-16 14:27:58.872,ag_13136
589011,NCASI ,,2025-06-16 14:27:58.872,ag_5073
1370779,,,2025-09-02 07:36:01.779,ag_11505
1371461,,,2025-09-02 07:36:01.779,ag_4612
1139398,liquidated,,2025-08-16 00:00:01.823,ag_16844
588543,Abubakar Tariq ,,2025-06-16 14:27:58.872,ag_11318
1370667,,,2025-09-02 07:36:01.779,ag_2046
1377960,kbx81,,2025-09-06 00:00:01.653,ag_8147
1371721,,,2025-09-02 07:36:01.779,ag_3388
1375364,Air saknia 1,,2025-09-05 00:00:01.644,ag_8279
588797,パソコン野郎,,2025-06-16 14:27:58.872,ag_8496
1370935,,,2025-09-02 07:36:01.779,ag_6720
1371514,,,2025-09-02 07:36:01.779,ag_2463
588836,senatorfan71,,2025-06-16 14:27:58.872,ag_13021
1370436,,,2025-09-02 07:36:01.779,ag_9835
1375021,justin,,2025-09-05 00:00:01.644,ag_17185
1370528,,,2025-09-02 07:36:01.779,ag_2256
1371085,,,2025-09-02 07:36:01.779,ag_3496
1371811,,,2025-09-02 07:36:01.779,ag_1413
1370469,,,2025-09-02 07:36:01.779,ag_4069
1371520,,,2025-09-02 07:36:01.779,ag_2064
1370838,,,2025-09-02 07:36:01.779,ag_12598
1322697,CohassetAG,,2025-08-30 00:00:06.733,ag_14616
588999,Kajo,,2025-06-16 14:27:58.872,ag_3892
1370892,,,2025-09-02 07:36:01.779,ag_3461
914468,JG,,2025-07-29 09:10:01.905,ag_15195
1370446,,,2025-09-02 07:36:01.779,ag_5458
588616,raptor_b,,2025-06-16 14:27:58.872,ag_5211
1373339,India Meteorological Department,,2025-09-03 00:00:32.634,oaq_8537
1373318,Nagaland Pollution Control Board,,2025-09-03 00:00:32.634,oaq_8545
1373337,Uttarakhand Pollution Control Board,,2025-09-03 00:00:32.634,oaq_8553
1373349,MP Birla Cement,,2025-09-03 00:00:32.634,oaq_8525
1395528,KJS Concrete,,2025-09-17 00:00:37.526,oaq_8561
1373322,Tripura State Pollution Control Board,,2025-09-03 00:00:32.634,oaq_8552
1373325,Bhilai Steel Plant,,2025-09-03 00:00:32.634,oaq_8550
1373340,Mizoram Pollution Control Board,,2025-09-03 00:00:32.634,oaq_8560
1373315,Uttar Pradesh Pollution Control Board,,2025-09-03 00:00:32.634,oaq_8527
1373336,West Bengal Pollution Control Board,,2025-09-03 00:00:32.634,oaq_8523
1373347,Indian Institute of Tropical Meteorology,,2025-09-03 00:00:32.634,oaq_8546
1371603,,,2025-09-02 07:36:01.779,ag_16510
1371285,,,2025-09-02 07:36:01.779,ag_12704
1390776,Gregable,https://gregable.com/,2025-09-15 00:00:00.327,ag_3578
1374755,asserenergie.nl,https://asserenergie.nl/,2025-09-04 00:00:01.754,ag_17360
1385251,AirSentinels,,2025-09-11 00:00:01.656,ag_15276
942218,Hong Noi,,2025-08-01 00:00:01.644,ag_3349
588582,"Dept. of Public Health and Informatics, Jahangirnagar University",https://www.linkedin.com/company/104126137/admin/dashboard/,2025-06-16 14:27:58.872,ag_9343
913657,Oriol,,2025-07-29 09:10:01.905,ag_8636
588698,Shlee,,2025-06-16 14:27:58.872,ag_1901
1382511,Sleatnet,,2025-09-09 00:00:01.749,ag_9031
1370496,,,2025-09-02 07:36:01.779,ag_6100
588557,Be Leaf Boutique Resort,https://www.facebook.com/beleafresort/,2025-06-16 14:27:58.872,ag_1810
1371807,,,2025-09-02 07:36:01.779,ag_10947
1371810,,,2025-09-02 07:36:01.779,ag_13712
1370910,,,2025-09-02 07:36:01.779,ag_6304
1371643,,,2025-09-02 07:36:01.779,ag_1915
1370854,,,2025-09-02 07:36:01.779,ag_2855
1371363,,,2025-09-02 07:36:01.779,ag_9336
1371562,,,2025-09-02 07:36:01.779,ag_10926
1371692,,,2025-09-02 07:36:01.779,ag_14875
1370977,,,2025-09-02 07:36:01.779,ag_17364
1021870,Nabz,,2025-08-07 00:00:01.825,ag_16752
1371760,Alex,,2025-09-02 07:36:01.779,ag_10795
995677,RSH,,2025-08-05 00:00:01.659,ag_13954
1152538,Hilario ,,2025-08-17 00:00:01.678,ag_16996
1346084,"West Oak Bay, WA",,2025-09-01 00:00:02.637,ag_2653
1370502,nmol,,2025-09-02 07:36:01.779,ag_9891
1370508,The Urban Unit,,2025-09-02 07:36:01.779,ag_14848
1231324,Ed,,2025-08-23 00:00:01.750,ag_17143
588620,Veteran,,2025-06-16 14:27:58.872,ag_11575
1244495,TBS,,2025-08-24 00:00:01.715,ag_2925
914456,Johnny Makkar,,2025-07-29 09:10:01.905,ag_16291
1178820,NR,,2025-08-19 00:00:01.750,ag_17066
588636,Home Oli & Manu,,2025-06-16 14:27:58.872,ag_14765
588581,Lawliet,,2025-06-16 14:27:58.872,ag_4998
589001,Chris,,2025-06-16 14:27:58.872,ag_17140
588720,Przyrzecze,przyrzecze,2025-06-16 14:27:58.872,ag_14070
588565,cardboardpig,,2025-06-16 14:27:58.872,ag_13777
913467,BetterAir,,2025-07-29 09:10:01.905,ag_7258
588817,Cheeseman,,2025-06-16 14:27:58.872,ag_7222
588847,Mavrrick,,2025-06-16 14:27:58.872,ag_933
1371307,,,2025-09-02 07:36:01.779,ag_2850
1370695,,,2025-09-02 07:36:01.779,ag_4860
588569,Andy,,2025-06-16 14:27:58.872,ag_7537
1204205,Nettelhorst Idling Crew,,2025-08-21 00:00:01.682,ag_9180
588839,Daniel Goepp,,2025-06-16 14:27:58.872,ag_7500
588546,AA,,2025-06-16 14:27:58.872,ag_9285
588554,"Zürich, Micafil",,2025-06-16 14:27:58.872,ag_14489
1371737,,,2025-09-02 07:36:01.779,ag_5891
1371735,,,2025-09-02 07:36:01.779,ag_7208
1205097,N,,2025-08-21 00:00:01.682,ag_17093
1371479,,,2025-09-02 07:36:01.779,ag_13140
1371654,Anne Nonymus,,2025-09-02 07:36:01.779,ag_5379
588641,Tim Kyle,,2025-06-16 14:27:58.872,ag_12967
1370718,,,2025-09-02 07:36:01.779,ag_10185
1371657,Buttercup,,2025-09-02 07:36:01.779,ag_12537
1370654,,,2025-09-02 07:36:01.779,ag_2655
588987,DIYElectronics,,2025-06-16 14:27:58.872,ag_6978
1371653,,,2025-09-02 07:36:01.779,ag_3444
588895,Mr Bob,,2025-06-16 14:27:58.872,ag_8554
1370362,,,2025-09-02 07:36:01.779,ag_6814
1370845,,,2025-09-02 07:36:01.779,ag_8154
1371493,,,2025-09-02 07:36:01.779,ag_10826
588914,Peter ter Haar,,2025-06-16 14:27:58.872,ag_15022
588661,Dustin,,2025-06-16 14:27:58.872,ag_8561
1165682,Henry Daboub ,,2025-08-18 00:00:01.765,ag_17027
588763,TBH,,2025-06-16 14:27:58.872,ag_4580
588939,Oz,,2025-06-16 14:27:58.872,ag_9258
913956,Buntu Plateau,,2025-07-29 09:10:01.905,ag_11481
1371213,,,2025-09-02 07:36:01.779,ag_12077
588855,ILD HP Outside,,2025-06-16 14:27:58.872,ag_10787
1370559,,,2025-09-02 07:36:01.779,ag_4782
588862,Theresa,,2025-06-16 14:27:58.872,ag_8536
1370361,,,2025-09-02 07:36:01.779,ag_16651
1370422,,,2025-09-02 07:36:01.779,ag_356
1370973,,,2025-09-02 07:36:01.779,ag_12352
1371658,,,2025-09-02 07:36:01.779,ag_11169
588728,Mint,,2025-06-16 14:27:58.872,ag_8562
588700,Tom,,2025-06-16 14:27:58.872,ag_15352
1244484,Moo Home,,2025-08-24 00:00:01.715,ag_4788
588931,Bellie ,,2025-06-16 14:27:58.872,ag_15074
1373218,,,2025-09-03 00:00:01.787,ag_679
1383205,Vachon,,2025-09-10 00:00:12.932,ag_17471
588795,KR,,2025-06-16 14:27:58.872,ag_4637
588683,Bene,,2025-06-16 14:27:58.872,ag_11434
1371617,Jos,,2025-09-02 07:36:01.779,ag_8043
1370359,Andrew R,,2025-09-02 07:36:01.779,ag_14451
913779,Felix,,2025-07-29 09:10:01.905,ag_10828
1370364,,,2025-09-02 07:36:01.779,ag_2242
1371644,,,2025-09-02 07:36:01.779,ag_6159
1371656,HB,,2025-09-02 07:36:01.779,ag_16933
588632,Boleyn ,,2025-06-16 14:27:58.872,ag_8520
588643,O-1PST,,2025-06-16 14:27:58.872,ag_10874
1165639,M Mac,,2025-08-18 00:00:01.765,ag_12033
1371240,,,2025-09-02 07:36:01.779,ag_4013
1371739,,,2025-09-02 07:36:01.779,ag_13857
1371728,,,2025-09-02 07:36:01.779,ag_15186
1371578,,,2025-09-02 07:36:01.779,ag_1
588697,DelGrey,,2025-06-16 14:27:58.872,ag_13634
